Workbook

Sheet Calcul puissance cinétique
A1: Longitude | B1: Lattitude | C1: Vitesse moyenne zone morte (m/s) | D1: Vitesse moyenne eaux vives (m/s) | E1: Vc (m/s) | F1: Puissance cinétique (w)
A2: -4.82438 | B2: 48.3393 | C2: 0.86575941 | D2: 1.700307 | E2: =C2+(($O$3-45)/50*(D2-C2)) -> 1.6168522 | F2: =(1/2)*$P$3*$R$3*(E2^3) -> 170049.17 | O2: Coefficient de marée | P2: Densité de l'eau salée | Q2: Rayon du rotor | R2: Surface du rotor
A3: -5.06489 | B3: 48.4299 | C3: 0.71459964 | D3: 1.6349446 | E3: =C3+(($O$3-45)/50*(D3-C3)) -> 1.5429101 | F3: =(1/2)*$P$3*$R$3*(E3^3) -> 147769.69 | O3: 90 | P3: 1025 | Q3: 5 | R3: =(Q3^2)*3.14 -> 78.5
A4: -5.07833 | B4: 48.4138 | C4: 0.93578361 | D4: 1.4210895 | E4: =C4+(($O$3-45)/50*(D4-C4)) -> 1.3725589 | F4: =(1/2)*$P$3*$R$3*(E4^3) -> 104029.49
A5: -4.79251 | B5: 48.3415 | C5: 0.51830667 | D5: 1.4565389 | E5: =C5+(($O$3-45)/50*(D5-C5)) -> 1.3627157 | F5: =(1/2)*$P$3*$R$3*(E5^3) -> 101807.4
A6: -5.06707 | B6: 48.4837 | C6: 0.59213675 | D6: 1.3897502 | E6: =C6+(($O$3-45)/50*(D6-C6)) -> 1.3099889 | F6: =(1/2)*$P$3*$R$3*(E6^3) -> 90441.21
A7: -4.96762 | B7: 48.3872 | C7: 0.65383544 | D7: 1.3575911 | E7: =C7+(($O$3-45)/50*(D7-C7)) -> 1.2872155 | F7: =(1/2)*$P$3*$R$3*(E7^3) -> 85805.941
A8: -4.99953 | B8: 48.3948 | C8: 0.677636 | D8: 1.2714719 | E8: =C8+(($O$3-45)/50*(D8-C8)) -> 1.2120883 | F8: =(1/2)*$P$3*$R$3*(E8^3) -> 71641.766 | J8: Voici la feuille calcul de puissance cinétique, les données du tableur à gauche proviennent du SHOM lors de la réalisation de l'étude des courants dans le passage du fromveur. La feuille permet en insérant dans les cases oranges un coefficient de marée et un rayon du rotor. De déterminé la vitesse Vc (vitesse moyenne cinétique) et la puissance cinétique exploitable.
A9: -5.0201 | B9: 48.4596 | C9: 0.73487736 | D9: 1.2544129 | E9: =C9+(($O$3-45)/50*(D9-C9)) -> 1.2024594 | F9: =(1/2)*$P$3*$R$3*(E9^3) -> 69947.916
A10: -4.83597 | B10: 48.3663 | C10: 0.70587762 | D10: 1.2400997 | E10: =C10+(($O$3-45)/50*(D10-C10)) -> 1.1866775 | F10: =(1/2)*$P$3*$R$3*(E10^3) -> 67229.773
A11: -4.82043 | B11: 48.3653 | C11: 0.7313062 | D11: 1.2371655 | E11: =C11+(($O$3-45)/50*(D11-C11)) -> 1.1865795 | F11: =(1/2)*$P$3*$R$3*(E11^3) -> 67213.124
A12: -4.91657 | B12: 48.3614 | C12: 0.47265453 | D12: 1.2567415 | E12: =C12+(($O$3-45)/50*(D12-C12)) -> 1.1783328 | F12: =(1/2)*$P$3*$R$3*(E12^3) -> 65821.454
A13: -4.89551 | B13: 48.3917 | C13: 0.33356404 | D13: 1.2535143 | E13: =C13+(($O$3-45)/50*(D13-C13)) -> 1.1615193 | F13: =(1/2)*$P$3*$R$3*(E13^3) -> 63043.857
A14: -4.79434 | B14: 48.3621 | C14: 0.61723023 | D14: 1.2180532 | E14: =C14+(($O$3-45)/50*(D14-C14)) -> 1.1579709 | F14: =(1/2)*$P$3*$R$3*(E14^3) -> 62467.831
A15: -4.89823 | B15: 48.3203 | C15: 0.5011656 | D15: 1.2242538 | E15: =C15+(($O$3-45)/50*(D15-C15)) -> 1.151945 | F15: =(1/2)*$P$3*$R$3*(E15^3) -> 61497.68
A16: -5.12457 | B16: 48.4777 | C16: 0.39952708 | D16: 1.2155894 | E16: =C16+(($O$3-45)/50*(D16-C16)) -> 1.1339832 | F16: =(1/2)*$P$3*$R$3*(E16^3) -> 58665.575
A17: -4.91698 | B17: 48.3636 | C17: 0.62977673 | D17: 1.168815 | E17: =C17+(($O$3-45)/50*(D17-C17)) -> 1.1149112 | F17: =(1/2)*$P$3*$R$3*(E17^3) -> 55755.068
A18: -4.82021 | B18: 48.3795 | C18: 0.68396628 | D18: 1.1616883 | E18: =C18+(($O$3-45)/50*(D18-C18)) -> 1.1139161 | F18: =(1/2)*$P$3*$R$3*(E18^3) -> 55605.905
A19: -4.83535 | B19: 48.3775 | C19: 0.67099765 | D19: 1.1274117 | E19: =C19+(($O$3-45)/50*(D19-C19)) -> 1.0817703 | F19: =(1/2)*$P$3*$R$3*(E19^3) -> 50929.418
A20: -4.97218 | B20: 48.3562 | C20: 0.73527664 | D20: 1.1166474 | E20: =C20+(($O$3-45)/50*(D20-C20)) -> 1.0785103 | F20: =(1/2)*$P$3*$R$3*(E20^3) -> 50470.365
... A22: -4.983 | B22: 48.4353 | C22: 0.55756058 | D22: 1.120892 | E22: =C22+(($O$3-45)/50*(D22-C22)) -> 1.0645589 | F22: =(1/2)*$P$3*$R$3*(E22^3) -> 48536.959
A23: -4.78965 | B23: 48.335 | C23: 0.51229817 | D23: 1.1114839 | E23: =C23+(($O$3-45)/50*(D23-C23)) -> 1.0515654 | F23: =(1/2)*$P$3*$R$3*(E23^3) -> 46781.307 | J23: Légende
A24: -4.90355 | B24: 48.3672 | C24: 0.58200063 | D24: 1.1031138 | E24: =C24+(($O$3-45)/50*(D24-C24)) -> 1.0510025 | F24: =(1/2)*$P$3*$R$3*(E24^3) -> 46706.225
A25: -4.9937 | B25: 48.5062 | C25: 0.46597047 | D25: 1.0894462 | E25: =C25+(($O$3-45)/50*(D25-C25)) -> 1.0270986 | F25: =(1/2)*$P$3*$R$3*(E25^3) -> 43591.315 | N25: Case de calcul
A26: -4.78715 | B26: 48.3414 | C26: 0.35954969 | D26: 1.0850102 | E26: =C26+(($O$3-45)/50*(D26-C26)) -> 1.0124641 | F26: =(1/2)*$P$3*$R$3*(E26^3) -> 41754.419
A27: -4.82478 | B27: 48.371 | C27: 0.34065295 | D27: 1.0808247 | E27: =C27+(($O$3-45)/50*(D27-C27)) -> 1.0068075 | F27: =(1/2)*$P$3*$R$3*(E27^3) -> 41058.478 | N27: Case de donnée
A28: -4.80595 | B28: 48.386 | C28: 0.56992167 | D28: 1.0542987 | E28: =C28+(($O$3-45)/50*(D28-C28)) -> 1.005861 | F28: =(1/2)*$P$3*$R$3*(E28^3) -> 40942.791
A29: -4.84944 | B29: 48.5304 | C29: 0.51239658 | D29: 1.0466811 | E29: =C29+(($O$3-45)/50*(D29-C29)) -> 0.99325263 | F29: =(1/2)*$P$3*$R$3*(E29^3) -> 39422.367
A30: -5.08925 | B30: 48.3321 | C30: 0.46839773 | D30: 1.0507542 | E30: =C30+(($O$3-45)/50*(D30-C30)) -> 0.99251856 | F30: =(1/2)*$P$3*$R$3*(E30^3) -> 39335.025
A31: -4.88195 | B31: 48.3722 | C31: 0.51744025 | D31: 1.0400117 | E31: =C31+(($O$3-45)/50*(D31-C31)) -> 0.98775455 | F31: =(1/2)*$P$3*$R$3*(E31^3) -> 38771.325
A32: -4.8435 | B32: 48.3866 | C32: 0.54714851 | D32: 1.0330438 | E32: =C32+(($O$3-45)/50*(D32-C32)) -> 0.9844543 | F32: =(1/2)*$P$3*$R$3*(E32^3) -> 38383.998
A33: -4.88319 | B33: 48.3099 | C33: 0.76375916 | D33: 1.0057552 | E33: =C33+(($O$3-45)/50*(D33-C33)) -> 0.98155559 | F33: =(1/2)*$P$3*$R$3*(E33^3) -> 38045.932
A34: -4.79998 | B34: 48.3299 | C34: 0.47506909 | D34: 1.0352116 | E34: =C34+(($O$3-45)/50*(D34-C34)) -> 0.97919731 | F34: =(1/2)*$P$3*$R$3*(E34^3) -> 37772.363
A35: -4.88194 | B35: 48.5074 | C35: 0.39160769 | D35: 1.0432056 | E35: =C35+(($O$3-45)/50*(D35-C35)) -> 0.97804585 | F35: =(1/2)*$P$3*$R$3*(E35^3) -> 37639.268
A36: -4.83858 | B36: 48.3573 | C36: 0.43726435 | D36: 1.0374351 | E36: =C36+(($O$3-45)/50*(D36-C36)) -> 0.97741807 | F36: =(1/2)*$P$3*$R$3*(E36^3) -> 37566.835
A37: -4.78025 | B37: 48.3132 | C37: 0.51868339 | D37: 1.0224261 | E37: =C37+(($O$3-45)/50*(D37-C37)) -> 0.97205182 | F37: =(1/2)*$P$3*$R$3*(E37^3) -> 36951.475
A38: -5.04589 | B38: 48.4366 | C38: 0.40720531 | D38: 1.0335108 | E38: =C38+(($O$3-45)/50*(D38-C38)) -> 0.97088028 | F38: =(1/2)*$P$3*$R$3*(E38^3) -> 36818.032
A39: -4.85763 | B39: 48.3817 | C39: 0.33251649 | D39: 1.0354895 | E39: =C39+(($O$3-45)/50*(D39-C39)) -> 0.96519216 | F39: =(1/2)*$P$3*$R$3*(E39^3) -> 36174.695
... A16943: -4.96797 | B16943: 48.5106 | C16943: 0.13026713 | D16943: 0.20399275 | E16943: =C16943+(($O$3-45)/50*(D16943-C16943)) -> 0.19662019 | F16943: =(1/2)*$P$3*$R$3*(E16943^3) -> 305.8073
A16944: -4.8897 | B16944: 48.4025 | C16944: 0.44078859 | E16944: =C16944+(($O$3-45)/50*(D16944-C16944)) -> 0.044078859
A16945: -5.00209 | B16945: 48.2822 | C16945: 0.42488966 | E16945: =C16945+(($O$3-45)/50*(D16945-C16945)) -> 0.042488966
A16946: -5.1204 | B16946: 48.5053 | C16946: 0.42457672 | E16946: =C16946+(($O$3-45)/50*(D16946-C16946)) -> 0.042457672
A16947: -4.91327 | B16947: 48.3033 | C16947: 0.42124808 | E16947: =C16947+(($O$3-45)/50*(D16947-C16947)) -> 0.042124808
A16948: -5.01073 | B16948: 48.5725 | C16948: 0.41938215 | E16948: =C16948+(($O$3-45)/50*(D16948-C16948)) -> 0.041938215
A16949: -4.76322 | B16949: 48.5248 | C16949: 0.41786259 | E16949: =C16949+(($O$3-45)/50*(D16949-C16949)) -> 0.041786259
A16950: -4.94361 | B16950: 48.276 | C16950: 0.41680882 | E16950: =C16950+(($O$3-45)/50*(D16950-C16950)) -> 0.041680882
A16951: -4.78851 | B16951: 48.3652 | C16951: 0.41665141 | E16951: =C16951+(($O$3-45)/50*(D16951-C16951)) -> 0.041665141
A16952: -4.81439 | B16952: 48.3551 | C16952: 0.41222651 | E16952: =C16952+(($O$3-45)/50*(D16952-C16952)) -> 0.041222651
A16953: -4.89628 | B16953: 48.3362 | C16953: 0.41036172 | E16953: =C16953+(($O$3-45)/50*(D16953-C16953)) -> 0.041036172
A16954: -4.88161 | B16954: 48.2939 | C16954: 0.40671843 | E16954: =C16954+(($O$3-45)/50*(D16954-C16954)) -> 0.040671843
A16955: -4.87006 | B16955: 48.4124 | C16955: 0.39858686 | E16955: =C16955+(($O$3-45)/50*(D16955-C16955)) -> 0.039858686
... A17182: -4.87201 | B17182: 48.3004 | C17182: 0.23116161 | E17182: =C17182+(($O$3-45)/50*(D17182-C17182)) -> 0.023116161

Sheet Coefficient de marée
B1: 2025
B2: Janvier | F2: Février | J2: Mars | N2: Avril | R2: Mai | V2: Juin | Z2: Juillet | AD2: Août | AH2: Septembre | AL2: Octobre | AP2: Novembre | AT2: Décembre
B3: Jour | C3: Coef bas | D3: Coef haut | E3: Coef moy | F3: Jour | G3: Coef bas | H3: Coef haut | I3: Coef moy | J3: Jour | K3: Coef bas | L3: Coef haut | M3: Coef moy | N3: Jour | O3: Coef bas | P3: Coef haut | Q3: Coef moy | R3: Jour | S3: Coef bas | T3: Coef haut | U3: Coef moy | V3: Jour | W3: Coef bas | X3: Coef haut | Y3: Coef moy | Z3: Jour | AA3: Coef bas | AB3: Coef haut | AC3: Coef moy | AD3: Jour | AE3: Coef bas | AF3: Coef haut | AG3: Coef moy | AH3: Jour | AI3: Coef bas | AJ3: Coef haut | AK3: Coef moy | AL3: Jour | AM3: Coef bas | AN3: Coef haut | AO3: Coef moy | AP3: Jour | AQ3: Coef bas | AR3: Coef haut | AS3: Coef moy | AT3: Jour | AU3: Coef bas | AV3: Coef haut | AW3: Coef moy | AY3: Mois | AZ3: Coef moy/mois
B4: 1 | C4: 80 | D4: 81 | E4: =AVERAGE(C4,D4) -> 80.5 | F4: 1 | G4: 99 | H4: 98 | I4: =AVERAGE(G4,H4) -> 98.5 | J4: 1 | K4: 108 | L4: 110 | M4: =AVERAGE(K4,L4) -> 109 | N4: 1 | O4: 107 | P4: 102 | Q4: =AVERAGE(O4,P4) -> 104.5 | R4: 1 | S4: 89 | T4: 82 | U4: =AVERAGE(S4,T4) -> 85.5 | V4: 1 | W4: 63 | X4: 58 | Y4: =AVERAGE(W4,X4) -> 60.5 | Z4: 1 | AA4: 62 | AB4: 57 | AC4: =AVERAGE(AA4,AB4) -> 59.5 | AD4: 1 | AE4: 47 | AF4: 42 | AG4: =AVERAGE(AE4,AF4) -> 44.5 | AH4: 1 | AI4: 27 | AK4: =AVERAGE(AI4,AJ4) -> 27 | AL4: 1 | AM4: 24 | AO4: =AVERAGE(AM4,AN4) -> 24 | AP4: 1 | AQ4: 44 | AR4: 52 | AS4: =AVERAGE(AQ4,AR4) -> 48 | AT4: 1 | AU4: 58 | AV4: 64 | AW4: =AVERAGE(AU4,AV4) -> 61 | AY4: Janv | AZ4: =AVERAGE(E4:E34) -> 66.387097 | BC4: Cette page a pour but de définir les coefficients de marée applicable. Elle permettront par la suite de connaitre la puissance qui serait produite par une hydrolienne dans un cas optimiste sans power curve. Ces données dâtent de 2025 et sont trouvable sur le site : https://maree.info/82/coefficients?c=gm Cette page calcul également les coefficients moyenne par mois.
B5: 2 | C5: 82 | D5: 83 | E5: =AVERAGE(C5,D5) -> 82.5 | F5: 2 | G5: 96 | H5: 93 | I5: =AVERAGE(G5,H5) -> 94.5 | J5: 2 | K5: 111 | L5: 109 | M5: =AVERAGE(K5,L5) -> 110 | N5: 2 | O5: 95 | P5: 87 | Q5: =AVERAGE(O5,P5) -> 91 | R5: 2 | S5: 74 | T5: 66 | U5: =AVERAGE(S5,T5) -> 70 | V5: 2 | W5: 53 | X5: 49 | Y5: =AVERAGE(W5,X5) -> 51 | Z5: 2 | AA5: 53 | AB5: 49 | AC5: =AVERAGE(AA5,AB5) -> 51 | AD5: 2 | AE5: 37 | AF5: 33 | AG5: =AVERAGE(AE5,AF5) -> 35 | AH5: 2 | AI5: 24 | AJ5: 24 | AK5: =AVERAGE(AI5,AJ5) -> 24 | AL5: 2 | AM5: 28 | AN5: 34 | AO5: =AVERAGE(AM5,AN5) -> 31 | AP5: 2 | AQ5: 60 | AR5: 68 | AS5: =AVERAGE(AQ5,AR5) -> 64 | AT5: 2 | AU5: 70 | AV5: 76 | AW5: =AVERAGE(AU5,AV5) -> 73 | AY5: Fevr | AZ5: =AVERAGE(I4:I31) -> 66.071429
B6: 3 | C6: 82 | D6: 81 | E6: =AVERAGE(C6,D6) -> 81.5 | F6: 3 | G6: 89 | H6: 84 | I6: =AVERAGE(G6,H6) -> 86.5 | J6: 3 | K6: 107 | L6: 102 | M6: =AVERAGE(K6,L6) -> 104.5 | N6: 3 | O6: 77 | P6: 68 | Q6: =AVERAGE(O6,P6) -> 72.5 | R6: 3 | S6: 58 | T6: 51 | U6: =AVERAGE(S6,T6) -> 54.5 | V6: 3 | W6: 46 | Y6: =AVERAGE(W6,X6) -> 46 | Z6: 3 | AA6: 45 | AC6: =AVERAGE(AA6,AB6) -> 45 | AD6: 3 | AE6: 30 | AG6: =AVERAGE(AE6,AF6) -> 30 | AH6: 3 | AI6: 28 | AJ6: 34 | AK6: =AVERAGE(AI6,AJ6) -> 31 | AL6: 3 | AM6: 42 | AN6: 50 | AO6: =AVERAGE(AM6,AN6) -> 46 | AP6: 3 | AQ6: 76 | AR6: 84 | AS6: =AVERAGE(AQ6,AR6) -> 80 | AT6: 3 | AU6: 82 | AV6: 87 | AW6: =AVERAGE(AU6,AV6) -> 84.5 | AY6: Mars | AZ6: =AVERAGE(M4:M34) -> 71.774194
B7: 4 | C7: 80 | D7: 78 | E7: =AVERAGE(C7,D7) -> 79 | F7: 4 | G7: 78 | H7: 71 | I7: =AVERAGE(G7,H7) -> 74.5 | J7: 4 | K7: 96 | L7: 89 | M7: =AVERAGE(K7,L7) -> 92.5 | N7: 4 | O7: 58 | P7: 50 | Q7: =AVERAGE(O7,P7) -> 54 | R7: 4 | S7: 45 | T7: 42 | U7: =AVERAGE(S7,T7) -> 43.5 | V7: 4 | W7: 44 | X7: 43 | Y7: =AVERAGE(W7,X7) -> 43.5 | Z7: 4 | AA7: 42 | AB7: 39 | AC7: =AVERAGE(AA7,AB7) -> 40.5 | AD7: 4 | AE7: 29 | AF7: 31 | AG7: =AVERAGE(AE7,AF7) -> 30 | AH7: 4 | AI7: 41 | AJ7: 49 | AK7: =AVERAGE(AI7,AJ7) -> 45 | AL7: 4 | AM7: 59 | AN7: 68 | AO7: =AVERAGE(AM7,AN7) -> 63.5 | AP7: 4 | AQ7: 90 | AR7: 96 | AS7: =AVERAGE(AQ7,AR7) -> 93 | AT7: 4 | AU7: 91 | AV7: 94 | AW7: =AVERAGE(AU7,AV7) -> 92.5 | AY7: Avril | AZ7: =AVERAGE(Q4:Q33) -> 69.116667
B8: 5 | C8: 75 | D8: 72 | E8: =AVERAGE(C8,D8) -> 73.5 | F8: 5 | G8: 64 | H8: 57 | I8: =AVERAGE(G8,H8) -> 60.5 | J8: 5 | K8: 80 | L8: 72 | M8: =AVERAGE(K8,L8) -> 76 | N8: 5 | O8: 42 | P8: 37 | Q8: =AVERAGE(O8,P8) -> 39.5 | R8: 5 | S8: 40 | U8: =AVERAGE(S8,T8) -> 40 | V8: 5 | W8: 43 | X8: 44 | Y8: =AVERAGE(W8,X8) -> 43.5 | Z8: 5 | AA8: 38 | AB8: 38 | AC8: =AVERAGE(AA8,AB8) -> 38 | AD8: 5 | AE8: 34 | AF8: 38 | AG8: =AVERAGE(AE8,AF8) -> 36 | AH8: 5 | AI8: 56 | AJ8: 65 | AK8: =AVERAGE(AI8,AJ8) -> 60.5 | AL8: 5 | AM8: 76 | AN8: 84 | AO8: =AVERAGE(AM8,AN8) -> 80 | AP8: 5 | AQ8: 101 | AR8: 104 | AS8: =AVERAGE(AQ8,AR8) -> 102.5 | AT8: 5 | AU8: 97 | AV8: 98 | AW8: =AVERAGE(AU8,AV8) -> 97.5 | AY8: Mai | AZ8: =AVERAGE(U4:U34) -> 66.467742
B9: 6 | C9: 68 | D9: 64 | E9: =AVERAGE(C9,D9) -> 66 | F9: 6 | G9: 50 | H9: 46 | I9: =AVERAGE(G9,H9) -> 48 | J9: 6 | K9: 62 | L9: 53 | M9: =AVERAGE(K9,L9) -> 57.5 | N9: 6 | O9: 35 | Q9: =AVERAGE(O9,P9) -> 35 | R9: 6 | S9: 40 | T9: 43 | U9: =AVERAGE(S9,T9) -> 41.5 | V9: 6 | W9: 46 | X9: 48 | Y9: =AVERAGE(W9,X9) -> 47 | Z9: 6 | AA9: 39 | AB9: 41 | AC9: =AVERAGE(AA9,AB9) -> 40 | AD9: 6 | AE9: 43 | AF9: 49 | AG9: =AVERAGE(AE9,AF9) -> 46 | AH9: 6 | AI9: 72 | AJ9: 80 | AK9: =AVERAGE(AI9,AJ9) -> 76 | AL9: 6 | AM9: 91 | AN9: 98 | AO9: =AVERAGE(AM9,AN9) -> 94.5 | AP9: 6 | AQ9: 106 | AR9: 106 | AS9: =AVERAGE(AQ9,AR9) -> 106 | AT9: 6 | AU9: 98 | AV9: 97 | AW9: =AVERAGE(AU9,AV9) -> 97.5 | AY9: Juin | AZ9: =AVERAGE(Y4:Y33) -> 64.65
B10: 7 | C10: 61 | D10: 58 | E10: =AVERAGE(C10,D10) -> 59.5 | F10: 7 | G10: 43 | I10: =AVERAGE(G10,H10) -> 43 | J10: 7 | K10: 45 | L10: 39 | M10: =AVERAGE(K10,L10) -> 42 | N10: 7 | O10: 37 | P10: 42 | Q10: =AVERAGE(O10,P10) -> 39.5 | R10: 7 | S10: 46 | T10: 50 | U10: =AVERAGE(S10,T10) -> 48 | V10: 7 | W10: 51 | X10: 53 | Y10: =AVERAGE(W10,X10) -> 52 | Z10: 7 | AA10: 44 | AB10: 47 | AC10: =AVERAGE(AA10,AB10) -> 45.5 | AD10: 7 | AE10: 55 | AF10: 61 | AG10: =AVERAGE(AE10,AF10) -> 58 | AH10: 7 | AI10: 86 | AJ10: 92 | AK10: =AVERAGE(AI10,AJ10) -> 89 | AL10: 7 | AM10: 103 | AN10: 107 | AO10: =AVERAGE(AM10,AN10) -> 105 | AP10: 7 | AQ10: 105 | AR10: 102 | AS10: =AVERAGE(AQ10,AR10) -> 103.5 | AT10: 7 | AU10: 95 | AV10: 92 | AW10: =AVERAGE(AU10,AV10) -> 93.5 | AY10: Juillet | AZ10: =AVERAGE(AC4:AC34) -> 64.774194
B11: 8 | C11: 55 | E11: =AVERAGE(C11,D11) -> 55 | F11: 8 | G11: 43 | H11: 46 | I11: =AVERAGE(G11,H11) -> 44.5 | J11: 8 | K11: 36 | M11: =AVERAGE(K11,L11) -> 36 | N11: 8 | O11: 47 | P11: 54 | Q11: =AVERAGE(O11,P11) -> 50.5 | R11: 8 | S11: 54 | T11: 58 | U11: =AVERAGE(S11,T11) -> 56 | V11: 8 | W11: 56 | X11: 59 | Y11: =AVERAGE(W11,X11) -> 57.5 | Z11: 8 | AA11: 50 | AB11: 54 | AC11: =AVERAGE(AA11,AB11) -> 52 | AD11: 8 | AE11: 67 | AF11: 73 | AG11: =AVERAGE(AE11,AF11) -> 70 | AH11: 8 | AI11: 97 | AJ11: 101 | AK11: =AVERAGE(AI11,AJ11) -> 99 | AL11: 8 | AM11: 109 | AN11: 110 | AO11: =AVERAGE(AM11,AN11) -> 109.5 | AP11: 8 | AQ11: 98 | AR11: 93 | AS11: =AVERAGE(AQ11,AR11) -> 95.5 | AT11: 8 | AU11: 88 | AV11: 83 | AW11: =AVERAGE(AU11,AV11) -> 85.5 | AY11: Août | AZ11: =AVERAGE(AG4:AG34) -> 64.790323
B12: 9 | C12: 54 | D12: 54 | E12: =AVERAGE(C12,D12) -> 54 | F12: 9 | G12: 50 | H12: 56 | I12: =AVERAGE(G12,H12) -> 53 | J12: 9 | K12: 37 | L12: 41 | M12: =AVERAGE(K12,L12) -> 39 | N12: 9 | O12: 59 | P12: 65 | Q12: =AVERAGE(O12,P12) -> 62 | R12: 9 | S12: 62 | T12: 65 | U12: =AVERAGE(S12,T12) -> 63.5 | V12: 9 | W12: 61 | X12: 64 | Y12: =AVERAGE(W12,X12) -> 62.5 | Z12: 9 | AA12: 58 | AB12: 62 | AC12: =AVERAGE(AA12,AB12) -> 60 | AD12: 9 | AE12: 78 | AF12: 83 | AG12: =AVERAGE(AE12,AF12) -> 80.5 | AH12: 9 | AI12: 104 | AJ12: 106 | AK12: =AVERAGE(AI12,AJ12) -> 105 | AL12: 9 | AM12: 109 | AN12: 106 | AO12: =AVERAGE(AM12,AN12) -> 107.5 | AP12: 9 | AQ12: 87 | AR12: 79 | AS12: =AVERAGE(AQ12,AR12) -> 83 | AT12: 9 | AU12: 78 | AV12: 72 | AW12: =AVERAGE(AU12,AV12) -> 75 | AY12: Sept | AZ12: =AVERAGE(AK4:AK33) -> 66.183333
B13: 10 | C13: 55 | D13: 58 | E13: =AVERAGE(C13,D13) -> 56.5 | F13: 10 | G13: 62 | H13: 68 | I13: =AVERAGE(G13,H13) -> 65 | J13: 10 | K13: 47 | L13: 54 | M13: =AVERAGE(K13,L13) -> 50.5 | N13: 10 | O13: 70 | P13: 74 | Q13: =AVERAGE(O13,P13) -> 72 | R13: 10 | S13: 68 | T13: 71 | U13: =AVERAGE(S13,T13) -> 69.5 | V13: 10 | W13: 66 | X13: 67 | Y13: =AVERAGE(W13,X13) -> 66.5 | Z13: 10 | AA13: 65 | AB13: 68 | AC13: =AVERAGE(AA13,AB13) -> 66.5 | AD13: 10 | AE13: 87 | AF13: 90 | AG13: =AVERAGE(AE13,AF13) -> 88.5 | AH13: 10 | AI13: 106 | AJ13: 104 | AK13: =AVERAGE(AI13,AJ13) -> 105 | AL13: 10 | AM13: 102 | AN13: 96 | AO13: =AVERAGE(AM13,AN13) -> 99 | AP13: 10 | AQ13: 72 | AR13: 65 | AS13: =AVERAGE(AQ13,AR13) -> 68.5 | AT13: 10 | AU13: 67 | AV13: 61 | AW13: =AVERAGE(AU13,AV13) -> 64 | AY13: Octobre | AZ13: =AVERAGE(AO4:AO34) -> 65.580645
B14: 11 | C14: 61 | D14: 65 | E14: =AVERAGE(C14,D14) -> 63 | F14: 11 | G14: 74 | H14: 78 | I14: =AVERAGE(G14,H14) -> 76 | J14: 11 | K14: 61 | L14: 68 | M14: =AVERAGE(K14,L14) -> 64.5 | N14: 11 | O14: 78 | P14: 81 | Q14: =AVERAGE(O14,P14) -> 79.5 | R14: 11 | S14: 73 | T14: 75 | U14: =AVERAGE(S14,T14) -> 74 | V14: 11 | W14: 69 | X14: 70 | Y14: =AVERAGE(W14,X14) -> 69.5 | Z14: 11 | AA14: 71 | AB14: 74 | AC14: =AVERAGE(AA14,AB14) -> 72.5 | AD14: 11 | AE14: 93 | AF14: 95 | AG14: =AVERAGE(AE14,AF14) -> 94 | AH14: 11 | AI14: 101 | AJ14: 96 | AK14: =AVERAGE(AI14,AJ14) -> 98.5 | AL14: 11 | AM14: 89 | AN14: 81 | AO14: =AVERAGE(AM14,AN14) -> 85 | AP14: 11 | AQ14: 58 | AR14: 52 | AS14: =AVERAGE(AQ14,AR14) -> 55 | AT14: 11 | AU14: 57 | AV14: 52 | AW14: =AVERAGE(AU14,AV14) -> 54.5 | AY14: Novembre | AZ14: =AVERAGE(AS4:AS33) -> 67.133333
B15: 12 | C15: 69 | D15: 74 | E15: =AVERAGE(C15,D15) -> 71.5 | F15: 12 | G15: 82 | H15: 86 | I15: =AVERAGE(G15,H15) -> 84 | J15: 12 | K15: 73 | L15: 78 | M15: =AVERAGE(K15,L15) -> 75.5 | N15: 12 | O15: 83 | P15: 84 | Q15: =AVERAGE(O15,P15) -> 83.5 | R15: 12 | S15: 76 | T15: 76 | U15: =AVERAGE(S15,T15) -> 76 | V15: 12 | W15: 71 | X15: 71 | Y15: =AVERAGE(W15,X15) -> 71 | Z15: 12 | AA15: 76 | AB15: 78 | AC15: =AVERAGE(AA15,AB15) -> 77 | AD15: 12 | AE15: 95 | AF15: 95 | AG15: =AVERAGE(AE15,AF15) -> 95 | AH15: 12 | AI15: 90 | AJ15: 83 | AK15: =AVERAGE(AI15,AJ15) -> 86.5 | AL15: 12 | AM15: 72 | AN15: 63 | AO15: =AVERAGE(AM15,AN15) -> 67.5 | AP15: 12 | AQ15: 47 | AR15: 45 | AS15: =AVERAGE(AQ15,AR15) -> 46 | AT15: 12 | AU15: 49 | AV15: 46 | AW15: =AVERAGE(AU15,AV15) -> 47.5 | AY15: Décembre | AZ15: =AVERAGE(AW4:AW34) -> 66.709677
B16: 13 | C16: 77 | D16: 81 | E16: =AVERAGE(C16,D16) -> 79 | F16: 13 | G16: 88 | H16: 89 | I16: =AVERAGE(G16,H16) -> 88.5 | J16: 13 | K16: 82 | L16: 85 | M16: =AVERAGE(K16,L16) -> 83.5 | N16: 13 | O16: 85 | P16: 85 | Q16: =AVERAGE(O16,P16) -> 85 | R16: 13 | S16: 77 | T16: 76 | U16: =AVERAGE(S16,T16) -> 76.5 | V16: 13 | W16: 71 | X16: 71 | Y16: =AVERAGE(W16,X16) -> 71 | Z16: 13 | AA16: 80 | AB16: 81 | AC16: =AVERAGE(AA16,AB16) -> 80.5 | AD16: 13 | AE16: 93 | AF16: 90 | AG16: =AVERAGE(AE16,AF16) -> 91.5 | AH16: 13 | AI16: 75 | AJ16: 66 | AK16: =AVERAGE(AI16,AJ16) -> 70.5 | AL16: 13 | AM16: 55 | AN16: 47 | AO16: =AVERAGE(AM16,AN16) -> 51 | AP16: 13 | AQ16: 44 | AS16: =AVERAGE(AQ16,AR16) -> 44 | AT16: 13 | AU16: 45 | AW16: =AVERAGE(AU16,AV16) -> 45 | AY16: Coef total | AZ16: =AVERAGE(AZ4:AZ15) -> 66.636553
B17: 14 | C17: 83 | D17: 85 | E17: =AVERAGE(C17,D17) -> 84 | F17: 14 | G17: 90 | H17: 90 | I17: =AVERAGE(G17,H17) -> 90 | J17: 14 | K17: 88 | L17: 89 | M17: =AVERAGE(K17,L17) -> 88.5 | N17: 14 | O17: 85 | P17: 84 | Q17: =AVERAGE(O17,P17) -> 84.5 | R17: 14 | S17: 76 | T17: 74 | U17: =AVERAGE(S17,T17) -> 75 | V17: 14 | W17: 70 | X17: 70 | Y17: =AVERAGE(W17,X17) -> 70 | Z17: 14 | AA17: 81 | AB17: 81 | AC17: =AVERAGE(AA17,AB17) -> 81 | AD17: 14 | AE17: 86 | AF17: 81 | AG17: =AVERAGE(AE17,AF17) -> 83.5 | AH17: 14 | AI17: 58 | AJ17: 49 | AK17: =AVERAGE(AI17,AJ17) -> 53.5 | AL17: 14 | AM17: 41 | AO17: =AVERAGE(AM17,AN17) -> 41 | AP17: 14 | AQ17: 45 | AR17: 48 | AS17: =AVERAGE(AQ17,AR17) -> 46.5 | AT17: 14 | AU17: 44 | AV17: 45 | AW17: =AVERAGE(AU17,AV17) -> 44.5
B18: 15 | C18: 86 | D18: 86 | E18: =AVERAGE(C18,D18) -> 86 | F18: 15 | G18: 89 | H18: 87 | I18: =AVERAGE(G18,H18) -> 88 | J18: 15 | K18: 90 | L18: 90 | M18: =AVERAGE(K18,L18) -> 90 | N18: 15 | O18: 82 | P18: 80 | Q18: =AVERAGE(O18,P18) -> 81 | R18: 15 | S18: 73 | T18: 70 | U18: =AVERAGE(S18,T18) -> 71.5 | V18: 15 | W18: 68 | X18: 67 | Y18: =AVERAGE(W18,X18) -> 67.5 | Z18: 15 | AA18: 80 | AB18: 78 | AC18: =AVERAGE(AA18,AB18) -> 79 | AD18: 15 | AE18: 75 | AF18: 68 | AG18: =AVERAGE(AE18,AF18) -> 71.5 | AH18: 15 | AI18: 43 | AK18: =AVERAGE(AI18,AJ18) -> 43 | AL18: 15 | AM18: 39 | AN18: 40 | AO18: =AVERAGE(AM18,AN18) -> 39.5 | AP18: 15 | AQ18: 51 | AR18: 55 | AS18: =AVERAGE(AQ18,AR18) -> 53 | AT18: 15 | AU18: 47 | AV18: 49 | AW18: =AVERAGE(AU18,AV18) -> 48
B19: 16 | C19: 86 | D19: 85 | E19: =AVERAGE(C19,D19) -> 85.5 | F19: 16 | G19: 84 | H19: 80 | I19: =AVERAGE(G19,H19) -> 82 | J19: 16 | K19: 89 | L19: 88 | M19: =AVERAGE(K19,L19) -> 88.5 | N19: 16 | O19: 77 | P19: 73 | Q19: =AVERAGE(O19,P19) -> 75 | R19: 16 | S19: 68 | T19: 65 | U19: =AVERAGE(S19,T19) -> 66.5 | V19: 16 | W19: 65 | X19: 63 | Y19: =AVERAGE(W19,X19) -> 64 | Z19: 16 | AA19: 76 | AB19: 72 | AC19: =AVERAGE(AA19,AB19) -> 74 | AD19: 16 | AE19: 62 | AF19: 55 | AG19: =AVERAGE(AE19,AF19) -> 58.5 | AH19: 16 | AI19: 38 | AJ19: 38 | AK19: =AVERAGE(AI19,AJ19) -> 38 | AL19: 16 | AM19: 44 | AN19: 49 | AO19: =AVERAGE(AM19,AN19) -> 46.5 | AP19: 16 | AQ19: 59 | AR19: 62 | AS19: =AVERAGE(AQ19,AR19) -> 60.5 | AT19: 16 | AU19: 51 | AV19: 54 | AW19: =AVERAGE(AU19,AV19) -> 52.5
B20: 17 | C20: 83 | D20: 80 | E20: =AVERAGE(C20,D20) -> 81.5 | F20: 17 | G20: 76 | H20: 72 | I20: =AVERAGE(G20,H20) -> 74 | J20: 17 | K20: 86 | L20: 83 | M20: =AVERAGE(K20,L20) -> 84.5 | N20: 17 | O20: 69 | P20: 65 | Q20: =AVERAGE(O20,P20) -> 67 | R20: 17 | S20: 61 | T20: 58 | U20: =AVERAGE(S20,T20) -> 59.5 | V20: 17 | W20: 61 | X20: 59 | Y20: =AVERAGE(W20,X20) -> 60 | Z20: 17 | AA20: 69 | AB20: 65 | AC20: =AVERAGE(AA20,AB20) -> 67 | AD20: 17 | AE20: 49 | AG20: =AVERAGE(AE20,AF20) -> 49 | AH20: 17 | AI20: 41 | AJ20: 47 | AK20: =AVERAGE(AI20,AJ20) -> 44 | AL20: 17 | AM20: 55 | AN20: 61 | AO20: =AVERAGE(AM20,AN20) -> 58 | AP20: 17 | AQ20: 66 | AR20: 69 | AS20: =AVERAGE(AQ20,AR20) -> 67.5 | AT20: 17 | AU20: 57 | AV20: 60 | AW20: =AVERAGE(AU20,AV20) -> 58.5
B21: 18 | C21: 76 | D21: 72 | E21: =AVERAGE(C21,D21) -> 74 | F21: 18 | G21: 67 | H21: 61 | I21: =AVERAGE(G21,H21) -> 64 | J21: 18 | K21: 79 | L21: 75 | M21: =AVERAGE(K21,L21) -> 77 | N21: 18 | O21: 60 | P21: 54 | Q21: =AVERAGE(O21,P21) -> 57 | R21: 18 | S21: 54 | T21: 50 | U21: =AVERAGE(S21,T21) -> 52 | V21: 18 | W21: 58 | X21: 56 | Y21: =AVERAGE(W21,X21) -> 57 | Z21: 18 | AA21: 62 | AB21: 58 | AC21: =AVERAGE(AA21,AB21) -> 60 | AD21: 18 | AE21: 45 | AF21: 43 | AG21: =AVERAGE(AE21,AF21) -> 44 | AH21: 18 | AI21: 54 | AJ21: 61 | AK21: =AVERAGE(AI21,AJ21) -> 57.5 | AL21: 18 | AM21: 67 | AN21: 71 | AO21: =AVERAGE(AM21,AN21) -> 69 | AP21: 18 | AQ21: 71 | AR21: 73 | AS21: =AVERAGE(AQ21,AR21) -> 72 | AT21: 18 | AU21: 63 | AV21: 65 | AW21: =AVERAGE(AU21,AV21) -> 64
B22: 19 | C22: 68 | D22: 63 | E22: =AVERAGE(C22,D22) -> 65.5 | F22: 19 | G22: 56 | H22: 49 | I22: =AVERAGE(G22,H22) -> 52.5 | J22: 19 | K22: 70 | L22: 65 | M22: =AVERAGE(K22,L22) -> 67.5 | N22: 19 | O22: 49 | P22: 44 | Q22: =AVERAGE(O22,P22) -> 46.5 | R22: 19 | S22: 47 | T22: 45 | U22: =AVERAGE(S22,T22) -> 46 | V22: 19 | W22: 56 | Y22: =AVERAGE(W22,X22) -> 56 | Z22: 19 | AA22: 55 | AC22: =AVERAGE(AA22,AB22) -> 55 | AD22: 19 | AE22: 44 | AF22: 48 | AG22: =AVERAGE(AE22,AF22) -> 46 | AH22: 19 | AI22: 68 | AJ22: 74 | AK22: =AVERAGE(AI22,AJ22) -> 71 | AL22: 19 | AM22: 76 | AN22: 79 | AO22: =AVERAGE(AM22,AN22) -> 77.5 | AP22: 19 | AQ22: 75 | AR22: 76 | AS22: =AVERAGE(AQ22,AR22) -> 75.5 | AT22: 19 | AU22: 67 | AV22: 69 | AW22: =AVERAGE(AU22,AV22) -> 68
B23: 20 | C23: 59 | D23: 53 | E23: =AVERAGE(C23,D23) -> 56 | F23: 20 | G23: 44 | H23: 38 | I23: =AVERAGE(G23,H23) -> 41 | J23: 20 | K23: 59 | L23: 53 | M23: =AVERAGE(K23,L23) -> 56 | N23: 20 | O23: 39 | P23: 34 | Q23: =AVERAGE(O23,P23) -> 36.5 | R23: 20 | S23: 44 | T23: 44 | U23: =AVERAGE(S23,T23) -> 44 | V23: 20 | W23: 56 | X23: 57 | Y23: =AVERAGE(W23,X23) -> 56.5 | Z23: 20 | AA23: 53 | AB23: 52 | AC23: =AVERAGE(AA23,AB23) -> 52.5 | AD23: 20 | AE23: 54 | AF23: 60 | AG23: =AVERAGE(AE23,AF23) -> 57 | AH23: 20 | AI23: 79 | AJ23: 84 | AK23: =AVERAGE(AI23,AJ23) -> 81.5 | AL23: 20 | AM23: 82 | AN23: 84 | AO23: =AVERAGE(AM23,AN23) -> 83 | AP23: 20 | AQ23: 77 | AR23: 77 | AS23: =AVERAGE(AQ23,AR23) -> 77 | AT23: 20 | AU23: 71 | AV23: 72 | AW23: =AVERAGE(AU23,AV23) -> 71.5
B24: 21 | C24: 48 | D24: 43 | E24: =AVERAGE(C24,D24) -> 45.5 | F24: 21 | G24: 32 | H24: 28 | I24: =AVERAGE(G24,H24) -> 30 | J24: 21 | K24: 47 | L24: 41 | M24: =AVERAGE(K24,L24) -> 44 | N24: 21 | O24: 32 | Q24: =AVERAGE(O24,P24) -> 32 | R24: 21 | S24: 46 | U24: =AVERAGE(S24,T24) -> 46 | V24: 21 | W24: 58 | X24: 61 | Y24: =AVERAGE(W24,X24) -> 59.5 | Z24: 21 | AA24: 53 | AB24: 56 | AC24: =AVERAGE(AA24,AB24) -> 54.5 | AD24: 21 | AE24: 67 | AF24: 73 | AG24: =AVERAGE(AE24,AF24) -> 70 | AH24: 21 | AI24: 87 | AJ24: 89 | AK24: =AVERAGE(AI24,AJ24) -> 88 | AL24: 21 | AM24: 85 | AN24: 86 | AO24: =AVERAGE(AM24,AN24) -> 85.5 | AP24: 21 | AQ24: 76 | AR24: 76 | AS24: =AVERAGE(AQ24,AR24) -> 76 | AT24: 21 | AU24: 73 | AV24: 73 | AW24: =AVERAGE(AU24,AV24) -> 73
B25: 22 | C25: 39 | D25: 35 | E25: =AVERAGE(C25,D25) -> 37 | F25: 22 | G25: 25 | I25: =AVERAGE(G25,H25) -> 25 | J25: 22 | K25: 35 | L25: 29 | M25: =AVERAGE(K25,L25) -> 32 | N25: 22 | O25: 32 | P25: 35 | Q25: =AVERAGE(O25,P25) -> 33.5 | R25: 22 | S25: 49 | T25: 54 | U25: =AVERAGE(S25,T25) -> 51.5 | V25: 22 | W25: 64 | X25: 67 | Y25: =AVERAGE(W25,X25) -> 65.5 | Z25: 22 | AA25: 59 | AB25: 64 | AC25: =AVERAGE(AA25,AB25) -> 61.5 | AD25: 22 | AE25: 78 | AF25: 83 | AG25: =AVERAGE(AE25,AF25) -> 80.5 | AH25: 22 | AI25: 91 | AJ25: 91 | AK25: =AVERAGE(AI25,AJ25) -> 91 | AL25: 22 | AM25: 86 | AN25: 85 | AO25: =AVERAGE(AM25,AN25) -> 85.5 | AP25: 22 | AQ25: 74 | AR25: 73 | AS25: =AVERAGE(AQ25,AR25) -> 73.5 | AT25: 22 | AU25: 73 | AV25: 73 | AW25: =AVERAGE(AU25,AV25) -> 73
B26: 23 | C26: 32 | E26: =AVERAGE(C26,D26) -> 32 | F26: 23 | G26: 26 | H26: 30 | I26: =AVERAGE(G26,H26) -> 28 | J26: 23 | K26: 26 | L26: 26 | M26: =AVERAGE(K26,L26) -> 26 | N26: 23 | O26: 41 | P26: 48 | Q26: =AVERAGE(O26,P26) -> 44.5 | R26: 23 | S26: 59 | T26: 65 | U26: =AVERAGE(S26,T26) -> 62 | V26: 23 | W26: 71 | X26: 75 | Y26: =AVERAGE(W26,X26) -> 73 | Z26: 23 | AA26: 69 | AB26: 73 | AC26: =AVERAGE(AA26,AB26) -> 71 | AD26: 23 | AE26: 87 | AF26: 89 | AG26: =AVERAGE(AE26,AF26) -> 88 | AH26: 23 | AI26: 91 | AJ26: 90 | AK26: =AVERAGE(AI26,AJ26) -> 90.5 | AL26: 23 | AM26: 83 | AN26: 81 | AO26: =AVERAGE(AM26,AN26) -> 82 | AP26: 23 | AQ26: 70 | AR26: 68 | AS26: =AVERAGE(AQ26,AR26) -> 69 | AT26: 23 | AU26: 72 | AV26: 71 | AW26: =AVERAGE(AU26,AV26) -> 71.5
B27: 24 | C27: 31 | D27: 31 | E27: =AVERAGE(C27,D27) -> 31 | F27: 24 | G27: 36 | H27: 44 | I27: =AVERAGE(G27,H27) -> 40 | J27: 24 | K27: 29 | M27: =AVERAGE(K27,L27) -> 29 | N27: 24 | O27: 57 | P27: 65 | Q27: =AVERAGE(O27,P27) -> 61 | R27: 24 | S27: 71 | T27: 77 | U27: =AVERAGE(S27,T27) -> 74 | V27: 24 | W27: 78 | X27: 82 | Y27: =AVERAGE(W27,X27) -> 80 | Z27: 24 | AA27: 78 | AB27: 82 | AC27: =AVERAGE(AA27,AB27) -> 80 | AD27: 24 | AE27: 91 | AF27: 92 | AG27: =AVERAGE(AE27,AF27) -> 91.5 | AH27: 24 | AI27: 88 | AJ27: 86 | AK27: =AVERAGE(AI27,AJ27) -> 87 | AL27: 24 | AM27: 79 | AN27: 76 | AO27: =AVERAGE(AM27,AN27) -> 77.5 | AP27: 24 | AQ27: 65 | AR27: 62 | AS27: =AVERAGE(AQ27,AR27) -> 63.5 | AT27: 24 | AU27: 70 | AV27: 68 | AW27: =AVERAGE(AU27,AV27) -> 69
B28: 25 | C28: 34 | D28: 37 | E28: =AVERAGE(C28,D28) -> 35.5 | F28: 25 | G28: 52 | H28: 60 | I28: =AVERAGE(G28,H28) -> 56 | J28: 25 | K28: 36 | L28: 44 | M28: =AVERAGE(K28,L28) -> 40 | N28: 25 | O28: 74 | P28: 82 | Q28: =AVERAGE(O28,P28) -> 78 | R28: 25 | S28: 83 | T28: 88 | U28: =AVERAGE(S28,T28) -> 85.5 | V28: 25 | W28: 84 | X28: 86 | Y28: =AVERAGE(W28,X28) -> 85 | Z28: 25 | AA28: 85 | AB28: 87 | AC28: =AVERAGE(AA28,AB28) -> 86 | AD28: 25 | AE28: 92 | AF28: 91 | AG28: =AVERAGE(AE28,AF28) -> 91.5 | AH28: 25 | AI28: 82 | AJ28: 78 | AK28: =AVERAGE(AI28,AJ28) -> 80 | AL28: 25 | AM28: 72 | AN28: 68 | AO28: =AVERAGE(AM28,AN28) -> 70 | AP28: 25 | AQ28: 59 | AR28: 55 | AS28: =AVERAGE(AQ28,AR28) -> 57 | AT28: 25 | AU28: 66 | AV28: 64 | AW28: =AVERAGE(AU28,AV28) -> 65
B29: 26 | C29: 43 | D29: 48 | E29: =AVERAGE(C29,D29) -> 45.5 | F29: 26 | G29: 69 | H29: 77 | I29: =AVERAGE(G29,H29) -> 73 | J29: 26 | K29: 54 | L29: 63 | M29: =AVERAGE(K29,L29) -> 58.5 | N29: 26 | O29: 90 | P29: 96 | Q29: =AVERAGE(O29,P29) -> 93 | R29: 26 | S29: 92 | T29: 94 | U29: =AVERAGE(S29,T29) -> 93 | V29: 26 | W29: 87 | X29: 88 | Y29: =AVERAGE(W29,X29) -> 87.5 | Z29: 26 | AA29: 89 | AB29: 89 | AC29: =AVERAGE(AA29,AB29) -> 89 | AD29: 26 | AE29: 89 | AF29: 86 | AG29: =AVERAGE(AE29,AF29) -> 87.5 | AH29: 26 | AI29: 74 | AJ29: 69 | AK29: =AVERAGE(AI29,AJ29) -> 71.5 | AL29: 26 | AM29: 63 | AN29: 59 | AO29: =AVERAGE(AM29,AN29) -> 61 | AP29: 26 | AQ29: 52 | AR29: 49 | AS29: =AVERAGE(AQ29,AR29) -> 50.5 | AT29: 26 | AU29: 61 | AV29: 59 | AW29: =AVERAGE(AU29,AV29) -> 60
B30: 27 | C30: 55 | D30: 61 | E30: =AVERAGE(C30,D30) -> 58 | F30: 27 | G30: 85 | H30: 92 | I30: =AVERAGE(G30,H30) -> 88.5 | J30: 27 | K30: 73 | L30: 82 | M30: =AVERAGE(K30,L30) -> 77.5 | N30: 27 | O30: 101 | P30: 105 | Q30: =AVERAGE(O30,P30) -> 103 | R30: 27 | S30: 96 | T30: 97 | U30: =AVERAGE(S30,T30) -> 96.5 | V30: 27 | W30: 88 | X30: 86 | Y30: =AVERAGE(W30,X30) -> 87 | Z30: 27 | AA30: 89 | AB30: 87 | AC30: =AVERAGE(AA30,AB30) -> 88 | AD30: 27 | AE30: 82 | AF30: 78 | AG30: =AVERAGE(AE30,AF30) -> 80 | AH30: 27 | AI30: 63 | AJ30: 58 | AK30: =AVERAGE(AI30,AJ30) -> 60.5 | AL30: 27 | AM30: 53 | AN30: 48 | AO30: =AVERAGE(AM30,AN30) -> 50.5 | AP30: 27 | AQ30: 46 | AR30: 44 | AS30: =AVERAGE(AQ30,AR30) -> 45 | AT30: 27 | AU30: 57 | AV30: 55 | AW30: =AVERAGE(AU30,AV30) -> 56
B31: 28 | C31: 67 | D31: 73 | E31: =AVERAGE(C31,D31) -> 70 | F31: 28 | G31: 99 | H31: 104 | I31: =AVERAGE(G31,H31) -> 101.5 | J31: 28 | K31: 90 | L31: 97 | M31: =AVERAGE(K31,L31) -> 93.5 | N31: 28 | O31: 108 | P31: 108 | Q31: =AVERAGE(O31,P31) -> 108 | R31: 28 | S31: 96 | T31: 95 | U31: =AVERAGE(S31,T31) -> 95.5 | V31: 28 | W31: 85 | X31: 82 | Y31: =AVERAGE(W31,X31) -> 83.5 | Z31: 28 | AA31: 85 | AB31: 82 | AC31: =AVERAGE(AA31,AB31) -> 83.5 | AD31: 28 | AE31: 73 | AF31: 68 | AG31: =AVERAGE(AE31,AF31) -> 70.5 | AH31: 28 | AI31: 52 | AJ31: 46 | AK31: =AVERAGE(AI31,AJ31) -> 49 | AL31: 28 | AM31: 43 | AN31: 38 | AO31: =AVERAGE(AM31,AN31) -> 40.5 | AP31: 28 | AQ31: 43 | AR31: 43 | AS31: =AVERAGE(AQ31,AR31) -> 43 | AT31: 28 | AU31: 53 | AV31: 52 | AW31: =AVERAGE(AU31,AV31) -> 52.5
B32: 29 | C32: 79 | D32: 84 | E32: =AVERAGE(C32,D32) -> 81.5 | J32: 29 | K32: 104 | L32: 109 | M32: =AVERAGE(K32,L32) -> 106.5 | N32: 29 | O32: 107 | P32: 105 | Q32: =AVERAGE(O32,P32) -> 106 | R32: 29 | S32: 92 | T32: 89 | U32: =AVERAGE(S32,T32) -> 90.5 | V32: 29 | W32: 79 | X32: 75 | Y32: =AVERAGE(W32,X32) -> 77 | Z32: 29 | AA32: 78 | AB32: 74 | AC32: =AVERAGE(AA32,AB32) -> 76 | AD32: 29 | AE32: 62 | AF32: 56 | AG32: =AVERAGE(AE32,AF32) -> 59 | AH32: 29 | AI32: 39 | AJ32: 33 | AK32: =AVERAGE(AI32,AJ32) -> 36 | AL32: 29 | AM32: 34 | AN32: 31 | AO32: =AVERAGE(AM32,AN32) -> 32.5 | AP32: 29 | AQ32: 45 | AS32: =AVERAGE(AQ32,AR32) -> 45 | AT32: 29 | AU32: 53 | AW32: =AVERAGE(AU32,AV32) -> 53
B33: 30 | C33: 89 | D33: 93 | E33: =AVERAGE(C33,D33) -> 91 | J33: 30 | K33: 112 | L33: 114 | M33: =AVERAGE(K33,L33) -> 113 | N33: 30 | O33: 101 | P33: 96 | Q33: =AVERAGE(O33,P33) -> 98.5 | R33: 30 | S33: 84 | T33: 79 | U33: =AVERAGE(S33,T33) -> 81.5 | V33: 30 | W33: 71 | X33: 67 | Y33: =AVERAGE(W33,X33) -> 69 | Z33: 30 | AA33: 69 | AB33: 64 | AC33: =AVERAGE(AA33,AB33) -> 66.5 | AD33: 30 | AE33: 50 | AF33: 44 | AG33: =AVERAGE(AE33,AF33) -> 47 | AH33: 30 | AI33: 28 | AJ33: 25 | AK33: =AVERAGE(AI33,AJ33) -> 26.5 | AL33: 30 | AM33: 31 | AN33: 33 | AO33: =AVERAGE(AM33,AN33) -> 32 | AP33: 30 | AQ33: 48 | AR33: 53 | AS33: =AVERAGE(AQ33,AR33) -> 50.5 | AT33: 30 | AU33: 54 | AV33: 56 | AW33: =AVERAGE(AU33,AV33) -> 55
B34: 31 | C34: 96 | D34: 98 | E34: =AVERAGE(C34,D34) -> 97 | J34: 31 | K34: 114 | L34: 111 | M34: =AVERAGE(K34,L34) -> 112.5 | R34: 31 | S34: 74 | T34: 69 | U34: =AVERAGE(S34,T34) -> 71.5 | Z34: 31 | AA34: 58 | AB34: 53 | AC34: =AVERAGE(AA34,AB34) -> 55.5 | AD34: 31 | AE34: 37 | AF34: 32 | AG34: =AVERAGE(AE34,AF34) -> 34.5 | AL34: 31 | AM34: 38 | AO34: =AVERAGE(AM34,AN34) -> 38 | AT34: 31 | AU34: 60 | AV34: 64 | AW34: =AVERAGE(AU34,AV34) -> 62
B37: 45658 | N37: 45689 | Z37: 45717 | AL37: 45748 | AX37: 45778 | BG37: 45809 | BP37: 45839
C38: 01 M | D38: Jour de l'an | J38: 80 | K38: 81 | O38: 01 S | P38: Ella | V38: 99 | W38: 98 | AA38: 01 S | AB38: Aubin | AH38: 108 | AI38: 110 | AM38: 01 M | AN38: Hugues | AT38: 107 | AU38: 102 | AY38: 01 J | AZ38: Fête du travail | BD38: 89 | BE38: 82 | BH38: 01 D | BI38: Justin | BM38: 63 | BN38: 58 | BQ38: 01 M | BR38: Thierry | BV38: 62 | BW38: 57
C39: 02 J | D39: Basile | J39: 82 | K39: 83 | O39: 02 D | P39: Pré. du S. | V39: 96 | W39: 93 | AA39: 02 D | AB39: Charles le Bon | AH39: 111 | AI39: 109 | AM39: 02 M | AN39: Sandrine | AT39: 95 | AU39: 87 | AY39: 02 V | AZ39: Boris | BD39: 74 | BE39: 66 | BH39: 02 L | BI39: Blandine | BM39: 53 | BN39: 49 | BQ39: 02 M | BR39: Martinien | BV39: 53 | BW39: 49
C40: 03 V | D40: Geneviève | J40: 82 | K40: 81 | O40: 03 L | P40: Blaise | V40: 89 | W40: 84 | AA40: 03 L | AB40: Guénolé | AH40: 107 | AI40: 102 | AM40: 03 J | AN40: Richard | AT40: 77 | AU40: 68 | AY40: 03 S | AZ40: Philippe; Jacques | BD40: 58 | BE40: 51 | BH40: 03 M | BI40: Kévin | BM40: 46 | BQ40: 03 J | BR40: Thomas | BV40: 45
C41: 04 S | D41: Odilon | J41: 80 | K41: 78 | O41: 04 M | P41: Véronique | V41: 78 | W41: 71 | AA41: 04 M | AB41: Casimir | AH41: 96 | AI41: 89 | AM41: 04 V | AN41: Isidore | AT41: 58 | AU41: 50 | AY41: 04 D | AZ41: Sylvain | BD41: 45 | BE41: 42 | BH41: 04 M | BI41: Clotilde | BM41: 44 | BN41: 43 | BQ41: 04 V | BR41: Florent | BV41: 42 | BW41: 39
C42: 05 D | D42: Edouard | J42: 75 | K42: 72 | O42: 05 M | P42: Agathe | V42: 64 | W42: 57 | AA42: 05 M | AB42: Olive | AH42: 80 | AI42: 72 | AM42: 05 S | AN42: Irène | AT42: 42 | AU42: 37 | AY42: 05 L | AZ42: Judith | BD42: 40 | BH42: 05 J | BI42: Igor | BM42: 43 | BN42: 44 | BQ42: 05 S | BR42: Antoine | BV42: 38 | BW42: 38
C43: 06 L | D43: Mélaine | J43: 68 | K43: 64 | O43: 06 J | P43: Gaston | V43: 50 | W43: 46 | AA43: 06 J | AB43: Colette | AH43: 62 | AI43: 53 | AM43: 06 D | AN43: Marcellin | AT43: 35 | AY43: 06 M | AZ43: Prudence | BD43: 40 | BE43: 43 | BH43: 06 V | BI43: Norbert | BM43: 46 | BN43: 48 | BQ43: 06 D | BR43: Mariette | BV43: 39 | BW43: 41
C44: 07 M | D44: Raymond | J44: 61 | K44: 58 | O44: 07 V | P44: Eugènie | V44: 43 | AA44: 07 V | AB44: Félicité | AH44: 45 | AI44: 39 | AM44: 07 L | AN44: Jean-Baptiste… | AT44: 37 | AU44: 42 | AY44: 07 M | AZ44: Gisèle | BD44: 46 | BE44: 50 | BH44: 07 S | BI44: Gilbert | BM44: 51 | BN44: 53 | BQ44: 07 L | BR44: Raoul | BV44: 44 | BW44: 47
C45: 08 M | D45: Lucien | J45: 55 | O45: 08 S | P45: Jacqueline | V45: 43 | W45: 46 | AA45: 08 S | AB45: Jean de Dieu | AH45: 36 | AM45: 08 M | AN45: Julie | AT45: 47 | AU45: 54 | AY45: 08 J | AZ45: Armistice 1945 | BD45: 54 | BE45: 58 | BH45: 08 D | BI45: Médard | BM45: 56 | BN45: 59 | BQ45: 08 M | BR45: Thibault | BV45: 50 | BW45: 54
C46: 09 J | D46: Alix | J46: 54 | K46: 54 | O46: 09 D | P46: Apolline | V46: 50 | W46: 56 | AA46: 09 D | AB46: Françoise | AH46: 37 | AI46: 41 | AM46: 09 M | AN46: Gautier | AT46: 59 | AU46: 65 | AY46: 09 V | AZ46: Pacôme | BD46: 62 | BE46: 65 | BH46: 09 L | BI46: Diane | BM46: 61 | BN46: 64 | BQ46: 09 M | BR46: Amandine | BV46: 58 | BW46: 62
C47: 10 V | D47: Guillaume | J47: 55 | K47: 58 | O47: 10 L | P47: Arnaud | V47: 62 | W47: 68 | AA47: 10 L | AB47: Vivien | AH47: 47 | AI47: 54 | AM47: 10 J | AN47: Fulbert | AT47: 70 | AU47: 74 | AY47: 10 S | AZ47: Solange | BD47: 68 | BE47: 71 | BH47: 10 M | BI47: Landry | BM47: 66 | BN47: 67 | BQ47: 10 J | BR47: Ulrich | BV47: 65 | BW47: 68
C48: 11 S | D48: Pauline | J48: 61 | K48: 65 | O48: 11 M | P48: ND de Lourdes | V48: 74 | W48: 78 | AA48: 11 M | AB48: Rosine | AH48: 61 | AI48: 68 | AM48: 11 V | AN48: Stanislas | AT48: 78 | AU48: 81 | AY48: 11 D | AZ48: Estelle | BD48: 73 | BE48: 75 | BH48: 11 M | BI48: Barnabé | BM48: 69 | BN48: 70 | BQ48: 11 V | BR48: Benoît | BV48: 71 | BW48: 74
C49: 12 D | D49: Tatiana | J49: 69 | K49: 74 | O49: 12 M | P49: Félix | V49: 82 | W49: 86 | AA49: 12 M | AB49: Justine | AH49: 73 | AI49: 78 | AM49: 12 S | AN49: Jules | AT49: 83 | AU49: 84 | AY49: 12 L | AZ49: Achille | BD49: 76 | BE49: 76 | BH49: 12 J | BI49: Guy | BM49: 71 | BN49: 71 | BQ49: 12 S | BR49: Olivier | BV49: 76 | BW49: 78
C50: 13 L | D50: Yvette | J50: 77 | K50: 81 | O50: 13 J | P50: Béatrice | V50: 88 | W50: 89 | AA50: 13 J | AB50: Rodrigue | AH50: 82 | AI50: 85 | AM50: 13 D | AN50: Ida | AT50: 85 | AU50: 85 | AY50: 13 M | AZ50: Rolande | BD50: 77 | BE50: 76 | BH50: 13 V | BI50: Antoine de P. | BM50: 71 | BN50: 71 | BQ50: 13 D | BR50: Henri; Joël | BV50: 80 | BW50: 81
C51: 14 M | D51: Nina | J51: 83 | K51: 85 | O51: 14 V | P51: Valentin | V51: 90 | W51: 90 | AA51: 14 V | AB51: Mathilde | AH51: 88 | AI51: 89 | AM51: 14 L | AN51: Maxime | AT51: 85 | AU51: 84 | AY51: 14 M | AZ51: Matthias | BD51: 76 | BE51: 74 | BH51: 14 S | BI51: Elisée | BM51: 70 | BN51: 70 | BQ51: 14 L | BR51: Fête Nationale | BV51: 81 | BW51: 81
C52: 15 M | D52: Rémi | J52: 86 | K52: 86 | O52: 15 S | P52: Claude | V52: 89 | W52: 87 | AA52: 15 S | AB52: Louise | AH52: 90 | AI52: 90 | AM52: 15 M | AN52: Paterne | AT52: 82 | AU52: 80 | AY52: 15 J | AZ52: Denise | BD52: 73 | BE52: 70 | BH52: 15 D | BI52: Germaine | BM52: 68 | BN52: 67 | BQ52: 15 M | BR52: Donald | BV52: 80 | BW52: 78
C53: 16 J | D53: Marcel | J53: 86 | K53: 85 | O53: 16 D | P53: Julienne | V53: 84 | W53: 80 | AA53: 16 D | AB53: Bénédicte | AH53: 89 | AI53: 88 | AM53: 16 M | AN53: Benoît-Joseph | AT53: 77 | AU53: 73 | AY53: 16 V | AZ53: Honoré | BD53: 68 | BE53: 65 | BH53: 16 L | BI53: J-F Régis | BM53: 65 | BN53: 63 | BQ53: 16 M | BR53: ND du M. Carmel | BV53: 76 | BW53: 72
C54: 17 V | D54: Roseline | J54: 83 | K54: 80 | O54: 17 L | P54: Alexis | V54: 76 | W54: 72 | AA54: 17 L | AB54: Patrice | AH54: 86 | AI54: 83 | AM54: 17 J | AN54: Anicet | AT54: 69 | AU54: 65 | AY54: 17 S | AZ54: Pascal | BD54: 61 | BE54: 58 | BH54: 17 M | BI54: Hervé | BM54: 61 | BN54: 59 | BQ54: 17 J | BR54: Charlotte | BV54: 69 | BW54: 65
C55: 18 S | D55: Prisca | J55: 76 | K55: 72 | O55: 18 M | P55: Bernadette | V55: 67 | W55: 61 | AA55: 18 M | AB55: Cyrille | AH55: 79 | AI55: 75 | AM55: 18 V | AN55: Parfait | AT55: 60 | AU55: 54 | AY55: 18 D | AZ55: Eric | BD55: 54 | BE55: 50 | BH55: 18 M | BI55: Léonce | BM55: 58 | BN55: 56 | BQ55: 18 V | BR55: Frédéric | BV55: 62 | BW55: 58
C56: 19 D | D56: Marius | J56: 68 | K56: 63 | O56: 19 M | P56: Gabin | V56: 56 | W56: 49 | AA56: 19 M | AB56: Joseph | AH56: 70 | AI56: 65 | AM56: 19 S | AN56: Emma | AT56: 49 | AU56: 44 | AY56: 19 L | AZ56: Yves | BD56: 47 | BE56: 45 | BH56: 19 J | BI56: Romuald | BM56: 56 | BQ56: 19 S | BR56: Arsène | BV56: 55
C57: 20 L | D57: Sébastien | J57: 59 | K57: 53 | O57: 20 J | P57: Aimée | V57: 44 | W57: 38 | AA57: 20 J | AB57: Printemps | AH57: 59 | AI57: 53 | AM57: 20 D | AN57: Pâques | AT57: 39 | AU57: 34 | AY57: 20 M | AZ57: Bernardin | BD57: 44 | BE57: 44 | BH57: 20 V | BI57: Silvère | BM57: 56 | BN57: 57 | BQ57: 20 D | BR57: Marina | BV57: 53 | BW57: 52
C58: 21 M | D58: Agnès | J58: 48 | K58: 43 | O58: 21 V | P58: Damien | V58: 32 | W58: 28 | AA58: 21 V | AB58: Clémence | AH58: 47 | AI58: 41 | AM58: 21 L | AN58: L. de Pâques | AT58: 32 | AY58: 21 M | AZ58: Constantin | BD58: 46 | BH58: 21 S | BI58: Eté | BM58: 58 | BN58: 61 | BQ58: 21 L | BR58: Victor | BV58: 53 | BW58: 56
C59: 22 M | D59: Vincent | J59: 39 | K59: 35 | O59: 22 S | P59: Isabelle | V59: 25 | AA59: 22 S | AB59: Léa | AH59: 35 | AI59: 29 | AM59: 22 M | AN59: Alexandre | AT59: 32 | AU59: 35 | AY59: 22 J | AZ59: Emile | BD59: 49 | BE59: 54 | BH59: 22 D | BI59: Alban | BM59: 64 | BN59: 67 | BQ59: 22 M | BR59: Marie-Madeleine | BV59: 59 | BW59: 64
C60: 23 J | D60: Banard | J60: 32 | O60: 23 D | P60: Lazare | V60: 26 | W60: 30 | AA60: 23 D | AB60: Victorien | AH60: 26 | AI60: 26 | AM60: 23 M | AN60: Georges | AT60: 41 | AU60: 48 | AY60: 23 V | AZ60: Didier | BD60: 59 | BE60: 65 | BH60: 23 L | BI60: Audrey | BM60: 71 | BN60: 75 | BQ60: 23 M | BR60: Brigitte | BV60: 69 | BW60: 73
C61: 24 V | D61: François de S. | J61: 31 | K61: 31 | O61: 24 L | P61: Modeste | V61: 36 | W61: 44 | AA61: 24 L | AB61: Catherine | AH61: 29 | AM61: 24 J | AN61: Fidèle | AT61: 57 | AU61: 65 | AY61: 24 S | AZ61: Donatien | BD61: 71 | BE61: 77 | BH61: 24 M | BI61: Jean-Baptiste | BM61: 78 | BN61: 82 | BQ61: 24 J | BR61: Christine | BV61: 78 | BW61: 82
C62: 25 S | D62: C. de Paul | J62: 34 | K62: 37 | O62: 25 M | P62: Roméo | V62: 52 | W62: 60 | AA62: 25 M | AB62: Annonciation | AH62: 36 | AI62: 44 | AM62: 25 V | AN62: Marc | AT62: 74 | AU62: 82 | AY62: 25 D | AZ62: Sophie | BD62: 83 | BE62: 88 | BH62: 25 M | BI62: Prosper | BM62: 84 | BN62: 86 | BQ62: 25 V | BR62: Jacques | BV62: 85 | BW62: 87
C63: 26 D | D63: Paule | J63: 43 | K63: 48 | O63: 26 M | P63: Nestor | V63: 69 | W63: 77 | AA63: 26 M | AB63: Larissa | AH63: 54 | AI63: 63 | AM63: 26 S | AN63: Alida | AT63: 90 | AU63: 96 | AY63: 26 L | AZ63: Bérenger | BD63: 92 | BE63: 94 | BH63: 26 J | BI63: Anthelme | BM63: 87 | BN63: 88 | BQ63: 26 S | BR63: Anne; Joachin | BV63: 89 | BW63: 89
C64: 27 L | D64: Angèle | J64: 55 | K64: 61 | O64: 27 J | P64: Honorine | V64: 85 | W64: 92 | AA64: 27 J | AB64: Habib | AH64: 73 | AI64: 82 | AM64: 27 D | AN64: Zita | AT64: 101 | AU64: 105 | AY64: 27 M | AZ64: Augustin | BD64: 96 | BE64: 97 | BH64: 27 V | BI64: Fernand | BM64: 88 | BN64: 86 | BQ64: 27 D | BR64: Nathalie | BV64: 89 | BW64: 87
C65: 28 M | D65: Thomas d'A. | J65: 67 | K65: 73 | O65: 28 V | P65: Romain | V65: 99 | W65: 104 | AA65: 28 V | AB65: Gontran | AH65: 90 | AI65: 97 | AM65: 28 L | AN65: Valérie | AT65: 108 | AU65: 108 | AY65: 28 M | AZ65: Germain | BD65: 96 | BE65: 95 | BH65: 28 S | BI65: Irénée | BM65: 85 | BN65: 82 | BQ65: 28 L | BR65: Samson | BV65: 85 | BW65: 82
C66: 29 M | D66: Gildas | J66: 79 | K66: 84 | AA66: 29 S | AB66: Gwladys | AH66: 104 | AI66: 109 | AM66: 29 M | AN66: Catherine… | AT66: 107 | AU66: 105 | AY66: 29 J | AZ66: Ascension | BD66: 92 | BE66: 89 | BH66: 29 D | BI66: Pierre; Paul | BM66: 79 | BN66: 75 | BQ66: 29 M | BR66: Marthe | BV66: 78 | BW66: 74
C67: 30 J | D67: Martine | J67: 89 | K67: 93 | AA67: 30 D | AB67: Amédée | AH67: 112 | AI67: 114 | AM67: 30 M | AN67: Robert | AT67: 101 | AU67: 96 | AY67: 30 V | AZ67: Ferdinand | BD67: 84 | BE67: 79 | BH67: 30 L | BI67: Martial | BM67: 71 | BN67: 67 | BQ67: 30 M | BR67: Juliette | BV67: 69 | BW67: 64
C68: 31 V | D68: Marcelle | J68: 96 | K68: 98 | AA68: 31 L | AB68: Benjamin | AH68: 114 | AI68: 111 | AY68: 31 S | AZ68: V. Ste Vierge | BD68: 74 | BE68: 69 | BQ68: 31 J | BR68: Ignace de L. | BV68: 58 | BW68: 53
B72: 45870 | N72: 45901 | Z72: 45931 | AL72: 45962 | AX72: 45992
C73: 01 V | D73: Alphonse | J73: 47 | K73: 42 | O73: 01 L | P73: Gilles | V73: 27 | AA73: 01 M | AB73: Thérèse… | AH73: 24 | AM73: 01 S | AN73: Toussaint | AT73: 44 | AU73: 52 | AY73: 01 L | AZ73: Florence | BD73: 58 | BE73: 64
C74: 02 S | D74: Julien E. | J74: 37 | K74: 33 | O74: 02 M | P74: Ingrid | V74: 24 | W74: 24 | AA74: 02 J | AB74: Léger | AH74: 28 | AI74: 34 | AM74: 02 D | AN74: Défunts | AT74: 60 | AU74: 68 | AY74: 02 M | AZ74: Viviane | BD74: 70 | BE74: 76
C75: 03 D | D75: Lydie | J75: 30 | O75: 03 M | P75: Grégoire | V75: 28 | W75: 34 | AA75: 03 V | AB75: Gérard | AH75: 42 | AI75: 50 | AM75: 03 L | AN75: Hubert | AT75: 76 | AU75: 84 | AY75: 03 M | AZ75: François-Xav... | BD75: 82 | BE75: 87
C76: 04 L | D76: Jean-Marie V. | J76: 29 | K76: 31 | O76: 04 J | P76: Rosalie | V76: 41 | W76: 49 | AA76: 04 S | AB76: François… | AH76: 59 | AI76: 68 | AM76: 04 M | AN76: Charles | AT76: 90 | AU76: 96 | AY76: 04 J | AZ76: Barbara | BD76: 91 | BE76: 94
C77: 05 M | D77: Abel | J77: 34 | K77: 38 | O77: 05 V | P77: Raïssa | V77: 56 | W77: 65 | AA77: 05 D | AB77: Fleur | AH77: 76 | AI77: 84 | AM77: 05 M | AN77: Sylvie | AT77: 101 | AU77: 104 | AY77: 05 V | AZ77: Gérald | BD77: 97 | BE77: 98
C78: 06 M | D78: Transfiguration | J78: 43 | K78: 49 | O78: 06 S | P78: Bertrand | V78: 72 | W78: 80 | AA78: 06 L | AB78: Bruno | AH78: 91 | AI78: 98 | AM78: 06 J | AN78: Bertille | AT78: 106 | AU78: 106 | AY78: 06 S | AZ78: Nicolas | BD78: 98 | BE78: 97
C79: 07 J | D79: Gaétan | J79: 55 | K79: 61 | O79: 07 D | P79: Reine | V79: 86 | W79: 92 | AA79: 07 M | AB79: Serge | AH79: 103 | AI79: 107 | AM79: 07 V | AN79: Carine | AT79: 105 | AU79: 102 | AY79: 07 D | AZ79: Ambroise | BD79: 95 | BE79: 92
C80: 08 V | D80: Dominique | J80: 67 | K80: 73 | O80: 08 L | P80: Nativité | V80: 97 | W80: 101 | AA80: 08 M | AB80: Pélagie | AH80: 109 | AI80: 110 | AM80: 08 S | AN80: Geoffroy | AT80: 98 | AU80: 93 | AY80: 08 L | AZ80: Immaculée C. | BD80: 88 | BE80: 83
C81: 09 S | D81: Amour | J81: 78 | K81: 83 | O81: 09 M | P81: Alain | V81: 104 | W81: 106 | AA81: 09 J | AB81: Denis | AH81: 109 | AI81: 106 | AM81: 09 D | AN81: Théodore | AT81: 87 | AU81: 79 | AY81: 09 M | AZ81: Pierre Fourier | BD81: 78 | BE81: 72
C82: 10 D | D82: Laurent | J82: 87 | K82: 90 | O82: 10 M | P82: Inès | V82: 106 | W82: 104 | AA82: 10 V | AB82: Ghislain | AH82: 102 | AI82: 96 | AM82: 10 L | AN82: Léon | AT82: 72 | AU82: 65 | AY82: 10 M | AZ82: Romaric | BD82: 67 | BE82: 61
C83: 11 L | D83: Claire | J83: 93 | K83: 95 | O83: 11 J | P83: Adelphe | V83: 101 | W83: 96 | AA83: 11 S | AB83: Firmin | AH83: 89 | AI83: 81 | AM83: 11 M | AN83: Armistice | AT83: 58 | AU83: 52 | AY83: 11 J | AZ83: Daniel | BD83: 57 | BE83: 52
C84: 12 M | D84: Clarisse | J84: 95 | K84: 95 | O84: 12 V | P84: Apollinaire | V84: 90 | W84: 83 | AA84: 12 D | AB84: Wilfried | AH84: 72 | AI84: 63 | AM84: 12 M | AN84: Christian | AT84: 47 | AU84: 45 | AY84: 12 V | AZ84: JF de Chantal | BD84: 49 | BE84: 46
C85: 13 M | D85: Hippolyte | J85: 93 | K85: 90 | O85: 13 S | P85: Aimé | V85: 75 | W85: 66 | AA85: 13 L | AB85: Géraud | AH85: 55 | AI85: 47 | AM85: 13 J | AN85: Brice | AT85: 44 | AY85: 13 S | AZ85: Lucie | BD85: 45
C86: 14 J | D86: Evrard | J86: 86 | K86: 81 | O86: 14 D | P86: Croix Glorieuse | V86: 58 | W86: 49 | AA86: 14 M | AB86: Juste | AH86: 41 | AM86: 14 V | AN86: Sidoine | AT86: 45 | AU86: 48 | AY86: 14 D | AZ86: Odile | BD86: 44 | BE86: 45
C87: 15 V | D87: Assomption | J87: 75 | K87: 68 | O87: 15 L | P87: Roland | V87: 43 | AA87: 15 M | AB87: Thérèse… | AH87: 39 | AI87: 40 | AM87: 15 S | AN87: Albert | AT87: 51 | AU87: 55 | AY87: 15 L | AZ87: Ninon | BD87: 47 | BE87: 49
C88: 16 S | D88: Armel | J88: 62 | K88: 55 | O88: 16 M | P88: Edith | V88: 38 | W88: 38 | AA88: 16 J | AB88: Edwige | AH88: 44 | AI88: 49 | AM88: 16 D | AN88: Marguerite | AT88: 59 | AU88: 62 | AY88: 16 M | AZ88: Alice | BD88: 51 | BE88: 54
C89: 17 D | D89: Hyacinthe | J89: 49 | O89: 17 M | P89: Renaud | V89: 41 | W89: 47 | AA89: 17 V | AB89: Baudoin | AH89: 55 | AI89: 61 | AM89: 17 L | AN89: Elisabeth | AT89: 66 | AU89: 69 | AY89: 17 M | AZ89: Gaël | BD89: 57 | BE89: 60
C90: 18 L | D90: Hélène | J90: 45 | K90: 43 | O90: 18 J | P90: Nadège | V90: 54 | W90: 61 | AA90: 18 S | AB90: Luc | AH90: 67 | AI90: 71 | AM90: 18 M | AN90: Aude | AT90: 71 | AU90: 73 | AY90: 18 J | AZ90: Gatien | BD90: 63 | BE90: 65
C91: 19 M | D91: Jean-Eudes | J91: 44 | K91: 48 | O91: 19 V | P91: Emilie | V91: 68 | W91: 74 | AA91: 19 D | AB91: René | AH91: 76 | AI91: 79 | AM91: 19 M | AN91: Tanguy | AT91: 75 | AU91: 76 | AY91: 19 V | AZ91: Urbain | BD91: 67 | BE91: 69
C92: 20 M | D92: Bernard | J92: 54 | K92: 60 | O92: 20 S | P92: Davy | V92: 79 | W92: 84 | AA92: 20 L | AB92: Adeline | AH92: 82 | AI92: 84 | AM92: 20 J | AN92: Edmond | AT92: 77 | AU92: 77 | AY92: 20 S | AZ92: Théophile | BD92: 71 | BE92: 72
C93: 21 J | D93: Christophe | J93: 67 | K93: 73 | O93: 21 D | P93: Matthieu | V93: 87 | W93: 89 | AA93: 21 M | AB93: Céline | AH93: 85 | AI93: 86 | AM93: 21 V | AN93: P. de Marie | AT93: 76 | AU93: 76 | AY93: 21 D | AZ93: Hiver | BD93: 73 | BE93: 73
C94: 22 V | D94: Fabrice | J94: 78 | K94: 83 | O94: 22 L | P94: Maurice | V94: 91 | W94: 91 | AA94: 22 M | AB94: Elodie | AH94: 86 | AI94: 85 | AM94: 22 S | AN94: Cécile | AT94: 74 | AU94: 73 | AY94: 22 L | AZ94: Françoise-Xav... | BD94: 73 | BE94: 73
C95: 23 S | D95: Rose de L. | J95: 87 | K95: 89 | O95: 23 M | P95: Automne | V95: 91 | W95: 90 | AA95: 23 J | AB95: Jean… | AH95: 83 | AI95: 81 | AM95: 23 D | AN95: Clément | AT95: 70 | AU95: 68 | AY95: 23 M | AZ95: Armand | BD95: 72 | BE95: 71
C96: 24 D | D96: Barthélémy | J96: 91 | K96: 92 | O96: 24 M | P96: Thècle | V96: 88 | W96: 86 | AA96: 24 V | AB96: Florentin | AH96: 79 | AI96: 76 | AM96: 24 L | AN96: Flora | AT96: 65 | AU96: 62 | AY96: 24 M | AZ96: Adèle | BD96: 70 | BE96: 68
C97: 25 L | D97: Louis | J97: 92 | K97: 91 | O97: 25 J | P97: Hermann | V97: 82 | W97: 78 | AA97: 25 S | AB97: Crépin | AH97: 72 | AI97: 68 | AM97: 25 M | AN97: Catherine | AT97: 59 | AU97: 55 | AY97: 25 J | AZ97: Noël | BD97: 66 | BE97: 64
C98: 26 M | D98: Natacha | J98: 89 | K98: 86 | O98: 26 V | P98: Côme; Damien | V98: 74 | W98: 69 | AA98: 26 D | AB98: Dimitri | AH98: 63 | AI98: 59 | AM98: 26 M | AN98: Delphine | AT98: 52 | AU98: 49 | AY98: 26 V | AZ98: Etienne | BD98: 61 | BE98: 59
C99: 27 M | D99: Monique | J99: 82 | K99: 78 | O99: 27 S | P99: Vincent de P. | V99: 63 | W99: 58 | AA99: 27 L | AB99: Emeline | AH99: 53 | AI99: 48 | AM99: 27 J | AN99: Sévrin | AT99: 46 | AU99: 44 | AY99: 27 S | AZ99: Jean | BD99: 57 | BE99: 55
C100: 28 J | D100: Augustin | J100: 73 | K100: 68 | O100: 28 D | P100: Venceslas | V100: 52 | W100: 46 | AA100: 28 M | AB100: Jude | AH100: 43 | AI100: 38 | AM100: 28 V | AN100: Jacques… | AT100: 43 | AU100: 43 | AY100: 28 D | AZ100: Innocents | BD100: 53 | BE100: 52
C101: 29 V | D101: Sabine | J101: 62 | K101: 56 | O101: 29 L | P101: Mich., Gab., Raph. | V101: 39 | W101: 33 | AA101: 29 M | AB101: Narcisse | AH101: 34 | AI101: 31 | AM101: 29 S | AN101: Saturnin | AT101: 45 | AY101: 29 L | AZ101: David | BD101: 53
C102: 30 S | D102: Fiacre | J102: 50 | K102: 44 | O102: 30 M | P102: Jérôme | V102: 28 | W102: 25 | AA102: 30 J | AB102: Bienvenu | AH102: 31 | AI102: 33 | AM102: 30 D | AN102: André | AT102: 48 | AU102: 53 | AY102: 30 M | AZ102: Roger | BD102: 54 | BE102: 56
C103: 31 D | D103: Aristide | J103: 37 | K103: 32 | AA103: 31 V | AB103: Quentin | AH103: 38 | AY103: 31 M | AZ103: Sylvestre | BD103: 60 | BE103: 64

Sheet Etude du point -4,82 Lat 48,34
A1: Longitude | B1: Lattitude | C1: Vitesse moyenne zone morte (m/s) | D1: Vitesse moyenne eaux vives (m/s) | E1: Vc (m/s) | F1: Puissance cinétique (w) | G1: Energie annuel (kw/h)
A2: -4.82438 | B2: 48.3393 | C2: 0.86575941 | D2: 1.700307 | E2: =C2+(($P$3-45)/50*(D2-C2)) -> 1.700307 | F2: =(1/2)*$Q$3*$S$3*(E2^3) -> 197763.23 | G2: =C2+(($P$3-45)/50*(D2-C2)) -> 1.700307 | P2: Coefficient de marée | Q2: Densité de l'eau salée | R2: Rayon du rotor | S2: Surface du rotor | V2: Janvier | X2: Février | Z2: Mars | AB2: Avril | AD2: Mai | AF2: Juin | AH2: Juillet | AJ2: Août | AL2: Septembre | AN2: Octobre | AP2: Novembre | AR2: Décembre
P3: 95 | Q3: 1025 | R3: 5 | S3: =(R3^2)*3.14 -> 78.5 | V3: Vitesse moyenne du jour | W3: Energie produite journalière (kw/h) | X3: Vitesse moyenne du jour | Y3: Energie produite journalière (kw/h) | Z3: Vitesse moyenne du jour | AA3: Energie produite journalière (kw/h) | AB3: Vitesse moyenne du jour | AC3: Energie produite journalière (kw/h) | AD3: Vitesse moyenne du jour | AE3: Energie produite journalière (kw/h) | AF3: Vitesse moyenne du jour | AG3: Energie produite journalière (kw/h) | AH3: Vitesse moyenne du jour | AI3: Energie produite journalière (kw/h) | AJ3: Vitesse moyenne du jour | AK3: Energie produite journalière (kw/h) | AL3: Vitesse moyenne du jour | AM3: Energie produite journalière (kw/h) | AN3: Vitesse moyenne du jour | AO3: Energie produite journalière (kw/h) | AP3: Vitesse moyenne du jour | AQ3: Energie produite journalière (kw/h) | AR3: Vitesse moyenne du jour | AS3: Energie produite journalière (kw/h)
V4: =$C$2+(('Coefficient de marée'!E4-45)/50*($D$2-$C$2)) -> 1.4582882 | W4: =(1/2)*$Q$3*$S$3*(V4^3)*24/1000 -> 2994.3658 | X4: =$C$2+(('Coefficient de marée'!I4-45)/50*($D$2-$C$2)) -> 1.7587253 | Y4: =(1/2)*$Q$3*$S$3*(X4^3)*24/1000 -> 5252.5334 | Z4: =$C$2+(('Coefficient de marée'!M4-45)/50*($D$2-$C$2)) -> 1.9339803 | AA4: =(1/2)*$Q$3*$S$3*(Z4^3)*24/1000 -> 6984.4292 | AB4: =$C$2+(('Coefficient de marée'!Q4-45)/50*($D$2-$C$2)) -> 1.858871 | AC4: =(1/2)*$Q$3*$S$3*(AB4^3)*24/1000 -> 6201.8685 | AD4: =$C$2+(('Coefficient de marée'!U4-45)/50*($D$2-$C$2)) -> 1.541743 | AE4: =(1/2)*$Q$3*$S$3*(AD4^3)*24/1000 -> 3538.4307 | AF4: =$C$2+(('Coefficient de marée'!Y4-45)/50*($D$2-$C$2)) -> 1.1244692 | AG4: =(1/2)*$Q$3*$S$3*(AF4^3)*24/1000 -> 1372.8321 | AH4: =$C$2+(('Coefficient de marée'!AC4-45)/50*($D$2-$C$2)) -> 1.1077782 | AI4: =(1/2)*$Q$3*$S$3*(AH4^3)*24/1000 -> 1312.6025 | AJ4: =$C$2+(('Coefficient de marée'!AG4-45)/50*($D$2-$C$2)) -> 0.85741394 | AK4: =(1/2)*$Q$3*$S$3*(AJ4^3)*24/1000 -> 608.62023 | AL4: =$C$2+(('Coefficient de marée'!AK4-45)/50*($D$2-$C$2)) -> 0.56532228 | AM4: =(1/2)*$Q$3*$S$3*(AL4^3)*24/1000 -> 174.44683 | AN4: =$C$2+(('Coefficient de marée'!AO4-45)/50*($D$2-$C$2)) -> 0.51524943 | AO4: =(1/2)*$Q$3*$S$3*(AN4^3)*24/1000 -> 132.07704 | AP4: =$C$2+(('Coefficient de marée'!AS4-45)/50*($D$2-$C$2)) -> 0.91583227 | AQ4: =(1/2)*$Q$3*$S$3*(AP4^3)*24/1000 -> 741.69029 | AR4: =$C$2+(('Coefficient de marée'!AW4-45)/50*($D$2-$C$2)) -> 1.1328146 | AS4: =(1/2)*$Q$3*$S$3*(AR4^3)*24/1000 -> 1403.6258
V5: =$C$2+(('Coefficient de marée'!E5-45)/50*($D$2-$C$2)) -> 1.4916701 | W5: =(1/2)*$Q$3*$S$3*(V5^3)*24/1000 -> 3204.7424 | X5: =$C$2+(('Coefficient de marée'!I5-45)/50*($D$2-$C$2)) -> 1.6919615 | Y5: =(1/2)*$Q$3*$S$3*(X5^3)*24/1000 -> 4676.7722 | Z5: =$C$2+(('Coefficient de marée'!M5-45)/50*($D$2-$C$2)) -> 1.9506713 | AA5: =(1/2)*$Q$3*$S$3*(Z5^3)*24/1000 -> 7166.8289 | AB5: =$C$2+(('Coefficient de marée'!Q5-45)/50*($D$2-$C$2)) -> 1.6335432 | AC5: =(1/2)*$Q$3*$S$3*(AB5^3)*24/1000 -> 4208.8809 | AD5: =$C$2+(('Coefficient de marée'!U5-45)/50*($D$2-$C$2)) -> 1.2830332 | AE5: =(1/2)*$Q$3*$S$3*(AD5^3)*24/1000 -> 2039.3345 | AF5: =$C$2+(('Coefficient de marée'!Y5-45)/50*($D$2-$C$2)) -> 0.96590512 | AG5: =(1/2)*$Q$3*$S$3*(AF5^3)*24/1000 -> 870.11805 | AH5: =$C$2+(('Coefficient de marée'!AC5-45)/50*($D$2-$C$2)) -> 0.96590512 | AI5: =(1/2)*$Q$3*$S$3*(AH5^3)*24/1000 -> 870.11805 | AJ5: =$C$2+(('Coefficient de marée'!AG5-45)/50*($D$2-$C$2)) -> 0.6988499 | AK5: =(1/2)*$Q$3*$S$3*(AJ5^3)*24/1000 -> 329.55392 | AL5: =$C$2+(('Coefficient de marée'!AK5-45)/50*($D$2-$C$2)) -> 0.51524943 | AM5: =(1/2)*$Q$3*$S$3*(AL5^3)*24/1000 -> 132.07704 | AN5: =$C$2+(('Coefficient de marée'!AO5-45)/50*($D$2-$C$2)) -> 0.63208609 | AO5: =(1/2)*$Q$3*$S$3*(AN5^3)*24/1000 -> 243.83917 | AP5: =$C$2+(('Coefficient de marée'!AS5-45)/50*($D$2-$C$2)) -> 1.1828875 | AQ5: =(1/2)*$Q$3*$S$3*(AP5^3)*24/1000 -> 1598.1042 | AR5: =$C$2+(('Coefficient de marée'!AW5-45)/50*($D$2-$C$2)) -> 1.3331061 | AS5: =(1/2)*$Q$3*$S$3*(AR5^3)*24/1000 -> 2287.541
V6: =$C$2+(('Coefficient de marée'!E6-45)/50*($D$2-$C$2)) -> 1.4749792 | W6: =(1/2)*$Q$3*$S$3*(V6^3)*24/1000 -> 3098.3638 | X6: =$C$2+(('Coefficient de marée'!I6-45)/50*($D$2-$C$2)) -> 1.5584339 | Y6: =(1/2)*$Q$3*$S$3*(X6^3)*24/1000 -> 3654.6007 | Z6: =$C$2+(('Coefficient de marée'!M6-45)/50*($D$2-$C$2)) -> 1.858871 | AA6: =(1/2)*$Q$3*$S$3*(Z6^3)*24/1000 -> 6201.8685 | AB6: =$C$2+(('Coefficient de marée'!Q6-45)/50*($D$2-$C$2)) -> 1.3247606 | AC6: =(1/2)*$Q$3*$S$3*(AB6^3)*24/1000 -> 2244.8481 | AD6: =$C$2+(('Coefficient de marée'!U6-45)/50*($D$2-$C$2)) -> 1.0243235 | AE6: =(1/2)*$Q$3*$S$3*(AD6^3)*24/1000 -> 1037.7342 | AF6: =$C$2+(('Coefficient de marée'!Y6-45)/50*($D$2-$C$2)) -> 0.88245037 | AG6: =(1/2)*$Q$3*$S$3*(AF6^3)*24/1000 -> 663.50718 | AH6: =$C$2+(('Coefficient de marée'!AC6-45)/50*($D$2-$C$2)) -> 0.86575941 | AI6: =(1/2)*$Q$3*$S$3*(AH6^3)*24/1000 -> 626.56544 | AJ6: =$C$2+(('Coefficient de marée'!AG6-45)/50*($D$2-$C$2)) -> 0.61539514 | AK6: =(1/2)*$Q$3*$S$3*(AJ6^3)*24/1000 -> 225.0282 | AL6: =$C$2+(('Coefficient de marée'!AK6-45)/50*($D$2-$C$2)) -> 0.63208609 | AM6: =(1/2)*$Q$3*$S$3*(AL6^3)*24/1000 -> 243.83917 | AN6: =$C$2+(('Coefficient de marée'!AO6-45)/50*($D$2-$C$2)) -> 0.88245037 | AO6: =(1/2)*$Q$3*$S$3*(AN6^3)*24/1000 -> 663.50718 | AP6: =$C$2+(('Coefficient de marée'!AS6-45)/50*($D$2-$C$2)) -> 1.4499427 | AQ6: =(1/2)*$Q$3*$S$3*(AP6^3)*24/1000 -> 2943.2511 | AR6: =$C$2+(('Coefficient de marée'!AW6-45)/50*($D$2-$C$2)) -> 1.525052 | AS6: =(1/2)*$Q$3*$S$3*(AR6^3)*24/1000 -> 3424.7489
V7: =$C$2+(('Coefficient de marée'!E7-45)/50*($D$2-$C$2)) -> 1.4332518 | W7: =(1/2)*$Q$3*$S$3*(V7^3)*24/1000 -> 2842.7733 | X7: =$C$2+(('Coefficient de marée'!I7-45)/50*($D$2-$C$2)) -> 1.3581425 | Y7: =(1/2)*$Q$3*$S$3*(X7^3)*24/1000 -> 2418.8602 | Z7: =$C$2+(('Coefficient de marée'!M7-45)/50*($D$2-$C$2)) -> 1.6585796 | AA7: =(1/2)*$Q$3*$S$3*(Z7^3)*24/1000 -> 4405.3837 | AB7: =$C$2+(('Coefficient de marée'!Q7-45)/50*($D$2-$C$2)) -> 1.015978 | AC7: =(1/2)*$Q$3*$S$3*(AB7^3)*24/1000 -> 1012.5761 | AD7: =$C$2+(('Coefficient de marée'!U7-45)/50*($D$2-$C$2)) -> 0.84072299 | AE7: =(1/2)*$Q$3*$S$3*(AD7^3)*24/1000 -> 573.76431 | AF7: =$C$2+(('Coefficient de marée'!Y7-45)/50*($D$2-$C$2)) -> 0.84072299 | AG7: =(1/2)*$Q$3*$S$3*(AF7^3)*24/1000 -> 573.76431 | AH7: =$C$2+(('Coefficient de marée'!AC7-45)/50*($D$2-$C$2)) -> 0.79065013 | AI7: =(1/2)*$Q$3*$S$3*(AH7^3)*24/1000 -> 477.23008 | AJ7: =$C$2+(('Coefficient de marée'!AG7-45)/50*($D$2-$C$2)) -> 0.61539514 | AK7: =(1/2)*$Q$3*$S$3*(AJ7^3)*24/1000 -> 225.0282 | AL7: =$C$2+(('Coefficient de marée'!AK7-45)/50*($D$2-$C$2)) -> 0.86575941 | AM7: =(1/2)*$Q$3*$S$3*(AL7^3)*24/1000 -> 626.56544 | AN7: =$C$2+(('Coefficient de marée'!AO7-45)/50*($D$2-$C$2)) -> 1.174542 | AO7: =(1/2)*$Q$3*$S$3*(AN7^3)*24/1000 -> 1564.5176 | AP7: =$C$2+(('Coefficient de marée'!AS7-45)/50*($D$2-$C$2)) -> 1.6669251 | AQ7: =(1/2)*$Q$3*$S$3*(AP7^3)*24/1000 -> 4472.2186 | AR7: =$C$2+(('Coefficient de marée'!AW7-45)/50*($D$2-$C$2)) -> 1.6585796 | AS7: =(1/2)*$Q$3*$S$3*(AR7^3)*24/1000 -> 4405.3837
V8: =$C$2+(('Coefficient de marée'!E8-45)/50*($D$2-$C$2)) -> 1.3414515 | W8: =(1/2)*$Q$3*$S$3*(V8^3)*24/1000 -> 2330.7717 | X8: =$C$2+(('Coefficient de marée'!I8-45)/50*($D$2-$C$2)) -> 1.1244692 | Y8: =(1/2)*$Q$3*$S$3*(X8^3)*24/1000 -> 1372.8321 | Z8: =$C$2+(('Coefficient de marée'!M8-45)/50*($D$2-$C$2)) -> 1.3831789 | AA8: =(1/2)*$Q$3*$S$3*(Z8^3)*24/1000 -> 2555.1115 | AB8: =$C$2+(('Coefficient de marée'!Q8-45)/50*($D$2-$C$2)) -> 0.77395918 | AC8: =(1/2)*$Q$3*$S$3*(AB8^3)*24/1000 -> 447.64005 | AD8: =$C$2+(('Coefficient de marée'!U8-45)/50*($D$2-$C$2)) -> 0.78230465 | AE8: =(1/2)*$Q$3*$S$3*(AD8^3)*24/1000 -> 462.27724 | AF8: =$C$2+(('Coefficient de marée'!Y8-45)/50*($D$2-$C$2)) -> 0.84072299 | AG8: =(1/2)*$Q$3*$S$3*(AF8^3)*24/1000 -> 573.76431 | AH8: =$C$2+(('Coefficient de marée'!AC8-45)/50*($D$2-$C$2)) -> 0.74892275 | AI8: =(1/2)*$Q$3*$S$3*(AH8^3)*24/1000 -> 405.58869 | AJ8: =$C$2+(('Coefficient de marée'!AG8-45)/50*($D$2-$C$2)) -> 0.71554085 | AK8: =(1/2)*$Q$3*$S$3*(AJ8^3)*24/1000 -> 353.73502 | AL8: =$C$2+(('Coefficient de marée'!AK8-45)/50*($D$2-$C$2)) -> 1.1244692 | AM8: =(1/2)*$Q$3*$S$3*(AL8^3)*24/1000 -> 1372.8321 | AN8: =$C$2+(('Coefficient de marée'!AO8-45)/50*($D$2-$C$2)) -> 1.4499427 | AO8: =(1/2)*$Q$3*$S$3*(AN8^3)*24/1000 -> 2943.2511 | AP8: =$C$2+(('Coefficient de marée'!AS8-45)/50*($D$2-$C$2)) -> 1.8254891 | AQ8: =(1/2)*$Q$3*$S$3*(AP8^3)*24/1000 -> 5873.7104 | AR8: =$C$2+(('Coefficient de marée'!AW8-45)/50*($D$2-$C$2)) -> 1.7420344 | AS8: =(1/2)*$Q$3*$S$3*(AR8^3)*24/1000 -> 5104.4027
A9: Cette feuille à pour but de calculer l'énergie produite de manière journalière, mensuel, et annuel en tracant la courbe de production.Pour cela il faut importé les valeurs du points en case A2 à D2 disponible dans la feuille "Calcul puissance cinétique" | V9: =$C$2+(('Coefficient de marée'!E9-45)/50*($D$2-$C$2)) -> 1.2162694 | W9: =(1/2)*$Q$3*$S$3*(V9^3)*24/1000 -> 1737.2572 | X9: =$C$2+(('Coefficient de marée'!I9-45)/50*($D$2-$C$2)) -> 0.91583227 | Y9: =(1/2)*$Q$3*$S$3*(X9^3)*24/1000 -> 741.69029 | Z9: =$C$2+(('Coefficient de marée'!M9-45)/50*($D$2-$C$2)) -> 1.0743963 | AA9: =(1/2)*$Q$3*$S$3*(Z9^3)*24/1000 -> 1197.4801 | AB9: =$C$2+(('Coefficient de marée'!Q9-45)/50*($D$2-$C$2)) -> 0.6988499 | AC9: =(1/2)*$Q$3*$S$3*(AB9^3)*24/1000 -> 329.55392 | AD9: =$C$2+(('Coefficient de marée'!U9-45)/50*($D$2-$C$2)) -> 0.80734108 | AE9: =(1/2)*$Q$3*$S$3*(AD9^3)*24/1000 -> 508.09618 | AF9: =$C$2+(('Coefficient de marée'!Y9-45)/50*($D$2-$C$2)) -> 0.89914132 | AG9: =(1/2)*$Q$3*$S$3*(AF9^3)*24/1000 -> 701.87316 | AH9: =$C$2+(('Coefficient de marée'!AC9-45)/50*($D$2-$C$2)) -> 0.78230465 | AI9: =(1/2)*$Q$3*$S$3*(AH9^3)*24/1000 -> 462.27724 | AJ9: =$C$2+(('Coefficient de marée'!AG9-45)/50*($D$2-$C$2)) -> 0.88245037 | AK9: =(1/2)*$Q$3*$S$3*(AJ9^3)*24/1000 -> 663.50718 | AL9: =$C$2+(('Coefficient de marée'!AK9-45)/50*($D$2-$C$2)) -> 1.3831789 | AM9: =(1/2)*$Q$3*$S$3*(AL9^3)*24/1000 -> 2555.1115 | AN9: =$C$2+(('Coefficient de marée'!AO9-45)/50*($D$2-$C$2)) -> 1.6919615 | AO9: =(1/2)*$Q$3*$S$3*(AN9^3)*24/1000 -> 4676.7722 | AP9: =$C$2+(('Coefficient de marée'!AS9-45)/50*($D$2-$C$2)) -> 1.8839075 | AQ9: =(1/2)*$Q$3*$S$3*(AP9^3)*24/1000 -> 6455.8506 | AR9: =$C$2+(('Coefficient de marée'!AW9-45)/50*($D$2-$C$2)) -> 1.7420344 | AS9: =(1/2)*$Q$3*$S$3*(AR9^3)*24/1000 -> 5104.4027
V10: =$C$2+(('Coefficient de marée'!E10-45)/50*($D$2-$C$2)) -> 1.1077782 | W10: =(1/2)*$Q$3*$S$3*(V10^3)*24/1000 -> 1312.6025 | X10: =$C$2+(('Coefficient de marée'!I10-45)/50*($D$2-$C$2)) -> 0.83237751 | Y10: =(1/2)*$Q$3*$S$3*(X10^3)*24/1000 -> 556.84687 | Z10: =$C$2+(('Coefficient de marée'!M10-45)/50*($D$2-$C$2)) -> 0.81568656 | AA10: =(1/2)*$Q$3*$S$3*(Z10^3)*24/1000 -> 524.01617 | AB10: =$C$2+(('Coefficient de marée'!Q10-45)/50*($D$2-$C$2)) -> 0.77395918 | AC10: =(1/2)*$Q$3*$S$3*(AB10^3)*24/1000 -> 447.64005 | AD10: =$C$2+(('Coefficient de marée'!U10-45)/50*($D$2-$C$2)) -> 0.91583227 | AE10: =(1/2)*$Q$3*$S$3*(AD10^3)*24/1000 -> 741.69029 | AF10: =$C$2+(('Coefficient de marée'!Y10-45)/50*($D$2-$C$2)) -> 0.98259608 | AG10: =(1/2)*$Q$3*$S$3*(AF10^3)*24/1000 -> 916.00922 | AH10: =$C$2+(('Coefficient de marée'!AC10-45)/50*($D$2-$C$2)) -> 0.87410489 | AI10: =(1/2)*$Q$3*$S$3*(AH10^3)*24/1000 -> 644.85997 | AJ10: =$C$2+(('Coefficient de marée'!AG10-45)/50*($D$2-$C$2)) -> 1.0827418 | AK10: =(1/2)*$Q$3*$S$3*(AJ10^3)*24/1000 -> 1225.602 | AL10: =$C$2+(('Coefficient de marée'!AK10-45)/50*($D$2-$C$2)) -> 1.6001613 | AM10: =(1/2)*$Q$3*$S$3*(AL10^3)*24/1000 -> 3956.089 | AN10: =$C$2+(('Coefficient de marée'!AO10-45)/50*($D$2-$C$2)) -> 1.8672165 | AO10: =(1/2)*$Q$3*$S$3*(AN10^3)*24/1000 -> 6285.7747 | AP10: =$C$2+(('Coefficient de marée'!AS10-45)/50*($D$2-$C$2)) -> 1.8421801 | AQ10: =(1/2)*$Q$3*$S$3*(AP10^3)*24/1000 -> 6036.3028 | AR10: =$C$2+(('Coefficient de marée'!AW10-45)/50*($D$2-$C$2)) -> 1.6752706 | AS10: =(1/2)*$Q$3*$S$3*(AR10^3)*24/1000 -> 4539.7261
V11: =$C$2+(('Coefficient de marée'!E11-45)/50*($D$2-$C$2)) -> 1.0326689 | W11: =(1/2)*$Q$3*$S$3*(V11^3)*24/1000 -> 1063.3056 | X11: =$C$2+(('Coefficient de marée'!I11-45)/50*($D$2-$C$2)) -> 0.85741394 | Y11: =(1/2)*$Q$3*$S$3*(X11^3)*24/1000 -> 608.62023 | Z11: =$C$2+(('Coefficient de marée'!M11-45)/50*($D$2-$C$2)) -> 0.71554085 | AA11: =(1/2)*$Q$3*$S$3*(Z11^3)*24/1000 -> 353.73502 | AB11: =$C$2+(('Coefficient de marée'!Q11-45)/50*($D$2-$C$2)) -> 0.95755965 | AC11: =(1/2)*$Q$3*$S$3*(AB11^3)*24/1000 -> 847.75874 | AD11: =$C$2+(('Coefficient de marée'!U11-45)/50*($D$2-$C$2)) -> 1.0493599 | AE11: =(1/2)*$Q$3*$S$3*(AD11^3)*24/1000 -> 1115.7018 | AF11: =$C$2+(('Coefficient de marée'!Y11-45)/50*($D$2-$C$2)) -> 1.0743963 | AG11: =(1/2)*$Q$3*$S$3*(AF11^3)*24/1000 -> 1197.4801 | AH11: =$C$2+(('Coefficient de marée'!AC11-45)/50*($D$2-$C$2)) -> 0.98259608 | AI11: =(1/2)*$Q$3*$S$3*(AH11^3)*24/1000 -> 916.00922 | AJ11: =$C$2+(('Coefficient de marée'!AG11-45)/50*($D$2-$C$2)) -> 1.2830332 | AK11: =(1/2)*$Q$3*$S$3*(AJ11^3)*24/1000 -> 2039.3345 | AL11: =$C$2+(('Coefficient de marée'!AK11-45)/50*($D$2-$C$2)) -> 1.7670708 | AM11: =(1/2)*$Q$3*$S$3*(AL11^3)*24/1000 -> 5327.6615 | AN11: =$C$2+(('Coefficient de marée'!AO11-45)/50*($D$2-$C$2)) -> 1.9423258 | AO11: =(1/2)*$Q$3*$S$3*(AN11^3)*24/1000 -> 7075.2372 | AP11: =$C$2+(('Coefficient de marée'!AS11-45)/50*($D$2-$C$2)) -> 1.7086525 | AQ11: =(1/2)*$Q$3*$S$3*(AP11^3)*24/1000 -> 4816.5491 | AR11: =$C$2+(('Coefficient de marée'!AW11-45)/50*($D$2-$C$2)) -> 1.541743 | AS11: =(1/2)*$Q$3*$S$3*(AR11^3)*24/1000 -> 3538.4307
V12: =$C$2+(('Coefficient de marée'!E12-45)/50*($D$2-$C$2)) -> 1.015978 | W12: =(1/2)*$Q$3*$S$3*(V12^3)*24/1000 -> 1012.5761 | X12: =$C$2+(('Coefficient de marée'!I12-45)/50*($D$2-$C$2)) -> 0.99928703 | Y12: =(1/2)*$Q$3*$S$3*(X12^3)*24/1000 -> 963.48624 | Z12: =$C$2+(('Coefficient de marée'!M12-45)/50*($D$2-$C$2)) -> 0.7656137 | AA12: =(1/2)*$Q$3*$S$3*(Z12^3)*24/1000 -> 433.31514 | AB12: =$C$2+(('Coefficient de marée'!Q12-45)/50*($D$2-$C$2)) -> 1.1495056 | AC12: =(1/2)*$Q$3*$S$3*(AB12^3)*24/1000 -> 1466.5877 | AD12: =$C$2+(('Coefficient de marée'!U12-45)/50*($D$2-$C$2)) -> 1.174542 | AE12: =(1/2)*$Q$3*$S$3*(AD12^3)*24/1000 -> 1564.5176 | AF12: =$C$2+(('Coefficient de marée'!Y12-45)/50*($D$2-$C$2)) -> 1.1578511 | AG12: =(1/2)*$Q$3*$S$3*(AF12^3)*24/1000 -> 1498.7627 | AH12: =$C$2+(('Coefficient de marée'!AC12-45)/50*($D$2-$C$2)) -> 1.1161237 | AI12: =(1/2)*$Q$3*$S$3*(AH12^3)*24/1000 -> 1342.4921 | AJ12: =$C$2+(('Coefficient de marée'!AG12-45)/50*($D$2-$C$2)) -> 1.4582882 | AK12: =(1/2)*$Q$3*$S$3*(AJ12^3)*24/1000 -> 2994.3658 | AL12: =$C$2+(('Coefficient de marée'!AK12-45)/50*($D$2-$C$2)) -> 1.8672165 | AM12: =(1/2)*$Q$3*$S$3*(AL12^3)*24/1000 -> 6285.7747 | AN12: =$C$2+(('Coefficient de marée'!AO12-45)/50*($D$2-$C$2)) -> 1.9089439 | AO12: =(1/2)*$Q$3*$S$3*(AN12^3)*24/1000 -> 6716.6739 | AP12: =$C$2+(('Coefficient de marée'!AS12-45)/50*($D$2-$C$2)) -> 1.5000156 | AQ12: =(1/2)*$Q$3*$S$3*(AP12^3)*24/1000 -> 3258.8328 | AR12: =$C$2+(('Coefficient de marée'!AW12-45)/50*($D$2-$C$2)) -> 1.366488 | AS12: =(1/2)*$Q$3*$S$3*(AR12^3)*24/1000 -> 2463.7248
V13: =$C$2+(('Coefficient de marée'!E13-45)/50*($D$2-$C$2)) -> 1.0577054 | W13: =(1/2)*$Q$3*$S$3*(V13^3)*24/1000 -> 1142.5333 | X13: =$C$2+(('Coefficient de marée'!I13-45)/50*($D$2-$C$2)) -> 1.1995784 | Y13: =(1/2)*$Q$3*$S$3*(X13^3)*24/1000 -> 1666.7127 | Z13: =$C$2+(('Coefficient de marée'!M13-45)/50*($D$2-$C$2)) -> 0.95755965 | AA13: =(1/2)*$Q$3*$S$3*(Z13^3)*24/1000 -> 847.75874 | AB13: =$C$2+(('Coefficient de marée'!Q13-45)/50*($D$2-$C$2)) -> 1.3164151 | AC13: =(1/2)*$Q$3*$S$3*(AB13^3)*24/1000 -> 2202.6898 | AD13: =$C$2+(('Coefficient de marée'!U13-45)/50*($D$2-$C$2)) -> 1.2746877 | AE13: =(1/2)*$Q$3*$S$3*(AD13^3)*24/1000 -> 1999.7983 | AF13: =$C$2+(('Coefficient de marée'!Y13-45)/50*($D$2-$C$2)) -> 1.2246149 | AG13: =(1/2)*$Q$3*$S$3*(AF13^3)*24/1000 -> 1773.2638 | AH13: =$C$2+(('Coefficient de marée'!AC13-45)/50*($D$2-$C$2)) -> 1.2246149 | AI13: =(1/2)*$Q$3*$S$3*(AH13^3)*24/1000 -> 1773.2638 | AJ13: =$C$2+(('Coefficient de marée'!AG13-45)/50*($D$2-$C$2)) -> 1.5918158 | AK13: =(1/2)*$Q$3*$S$3*(AJ13^3)*24/1000 -> 3894.5135 | AL13: =$C$2+(('Coefficient de marée'!AK13-45)/50*($D$2-$C$2)) -> 1.8672165 | AM13: =(1/2)*$Q$3*$S$3*(AL13^3)*24/1000 -> 6285.7747 | AN13: =$C$2+(('Coefficient de marée'!AO13-45)/50*($D$2-$C$2)) -> 1.7670708 | AO13: =(1/2)*$Q$3*$S$3*(AN13^3)*24/1000 -> 5327.6615 | AP13: =$C$2+(('Coefficient de marée'!AS13-45)/50*($D$2-$C$2)) -> 1.2579968 | AQ13: =(1/2)*$Q$3*$S$3*(AP13^3)*24/1000 -> 1922.2654 | AR13: =$C$2+(('Coefficient de marée'!AW13-45)/50*($D$2-$C$2)) -> 1.1828875 | AS13: =(1/2)*$Q$3*$S$3*(AR13^3)*24/1000 -> 1598.1042
V14: =$C$2+(('Coefficient de marée'!E14-45)/50*($D$2-$C$2)) -> 1.1661965 | W14: =(1/2)*$Q$3*$S$3*(V14^3)*24/1000 -> 1531.4049 | X14: =$C$2+(('Coefficient de marée'!I14-45)/50*($D$2-$C$2)) -> 1.3831789 | Y14: =(1/2)*$Q$3*$S$3*(X14^3)*24/1000 -> 2555.1115 | Z14: =$C$2+(('Coefficient de marée'!M14-45)/50*($D$2-$C$2)) -> 1.191233 | AA14: =(1/2)*$Q$3*$S$3*(Z14^3)*24/1000 -> 1632.1681 | AB14: =$C$2+(('Coefficient de marée'!Q14-45)/50*($D$2-$C$2)) -> 1.4415972 | AC14: =(1/2)*$Q$3*$S$3*(AB14^3)*24/1000 -> 2892.7214 | AD14: =$C$2+(('Coefficient de marée'!U14-45)/50*($D$2-$C$2)) -> 1.349797 | AE14: =(1/2)*$Q$3*$S$3*(AD14^3)*24/1000 -> 2374.5436 | AF14: =$C$2+(('Coefficient de marée'!Y14-45)/50*($D$2-$C$2)) -> 1.2746877 | AG14: =(1/2)*$Q$3*$S$3*(AF14^3)*24/1000 -> 1999.7983 | AH14: =$C$2+(('Coefficient de marée'!AC14-45)/50*($D$2-$C$2)) -> 1.3247606 | AI14: =(1/2)*$Q$3*$S$3*(AH14^3)*24/1000 -> 2244.8481 | AJ14: =$C$2+(('Coefficient de marée'!AG14-45)/50*($D$2-$C$2)) -> 1.683616 | AK14: =(1/2)*$Q$3*$S$3*(AJ14^3)*24/1000 -> 4607.9095 | AL14: =$C$2+(('Coefficient de marée'!AK14-45)/50*($D$2-$C$2)) -> 1.7587253 | AM14: =(1/2)*$Q$3*$S$3*(AL14^3)*24/1000 -> 5252.5334 | AN14: =$C$2+(('Coefficient de marée'!AO14-45)/50*($D$2-$C$2)) -> 1.5333975 | AO14: =(1/2)*$Q$3*$S$3*(AN14^3)*24/1000 -> 3481.2804 | AP14: =$C$2+(('Coefficient de marée'!AS14-45)/50*($D$2-$C$2)) -> 1.0326689 | AQ14: =(1/2)*$Q$3*$S$3*(AP14^3)*24/1000 -> 1063.3056 | AR14: =$C$2+(('Coefficient de marée'!AW14-45)/50*($D$2-$C$2)) -> 1.0243235 | AS14: =(1/2)*$Q$3*$S$3*(AR14^3)*24/1000 -> 1037.7342
V15: =$C$2+(('Coefficient de marée'!E15-45)/50*($D$2-$C$2)) -> 1.3080696 | W15: =(1/2)*$Q$3*$S$3*(V15^3)*24/1000 -> 2161.0627 | X15: =$C$2+(('Coefficient de marée'!I15-45)/50*($D$2-$C$2)) -> 1.5167065 | Y15: =(1/2)*$Q$3*$S$3*(X15^3)*24/1000 -> 3368.8327 | Z15: =$C$2+(('Coefficient de marée'!M15-45)/50*($D$2-$C$2)) -> 1.3748334 | AA15: =(1/2)*$Q$3*$S$3*(Z15^3)*24/1000 -> 2509.1408 | AB15: =$C$2+(('Coefficient de marée'!Q15-45)/50*($D$2-$C$2)) -> 1.5083611 | AC15: =(1/2)*$Q$3*$S$3*(AB15^3)*24/1000 -> 3313.5284 | AD15: =$C$2+(('Coefficient de marée'!U15-45)/50*($D$2-$C$2)) -> 1.3831789 | AE15: =(1/2)*$Q$3*$S$3*(AD15^3)*24/1000 -> 2555.1115 | AF15: =$C$2+(('Coefficient de marée'!Y15-45)/50*($D$2-$C$2)) -> 1.2997242 | AG15: =(1/2)*$Q$3*$S$3*(AF15^3)*24/1000 -> 2119.9633 | AH15: =$C$2+(('Coefficient de marée'!AC15-45)/50*($D$2-$C$2)) -> 1.3998699 | AI15: =(1/2)*$Q$3*$S$3*(AH15^3)*24/1000 -> 2648.7305 | AJ15: =$C$2+(('Coefficient de marée'!AG15-45)/50*($D$2-$C$2)) -> 1.700307 | AK15: =(1/2)*$Q$3*$S$3*(AJ15^3)*24/1000 -> 4746.3176 | AL15: =$C$2+(('Coefficient de marée'!AK15-45)/50*($D$2-$C$2)) -> 1.5584339 | AM15: =(1/2)*$Q$3*$S$3*(AL15^3)*24/1000 -> 3654.6007 | AN15: =$C$2+(('Coefficient de marée'!AO15-45)/50*($D$2-$C$2)) -> 1.2413058 | AO15: =(1/2)*$Q$3*$S$3*(AN15^3)*24/1000 -> 1846.7629 | AP15: =$C$2+(('Coefficient de marée'!AS15-45)/50*($D$2-$C$2)) -> 0.88245037 | AQ15: =(1/2)*$Q$3*$S$3*(AP15^3)*24/1000 -> 663.50718 | AR15: =$C$2+(('Coefficient de marée'!AW15-45)/50*($D$2-$C$2)) -> 0.90748679 | AS15: =(1/2)*$Q$3*$S$3*(AR15^3)*24/1000 -> 721.59864
V16: =$C$2+(('Coefficient de marée'!E16-45)/50*($D$2-$C$2)) -> 1.4332518 | W16: =(1/2)*$Q$3*$S$3*(V16^3)*24/1000 -> 2842.7733 | X16: =$C$2+(('Coefficient de marée'!I16-45)/50*($D$2-$C$2)) -> 1.5918158 | Y16: =(1/2)*$Q$3*$S$3*(X16^3)*24/1000 -> 3894.5135 | Z16: =$C$2+(('Coefficient de marée'!M16-45)/50*($D$2-$C$2)) -> 1.5083611 | AA16: =(1/2)*$Q$3*$S$3*(Z16^3)*24/1000 -> 3313.5284 | AB16: =$C$2+(('Coefficient de marée'!Q16-45)/50*($D$2-$C$2)) -> 1.5333975 | AC16: =(1/2)*$Q$3*$S$3*(AB16^3)*24/1000 -> 3481.2804 | AD16: =$C$2+(('Coefficient de marée'!U16-45)/50*($D$2-$C$2)) -> 1.3915244 | AE16: =(1/2)*$Q$3*$S$3*(AD16^3)*24/1000 -> 2601.6402 | AF16: =$C$2+(('Coefficient de marée'!Y16-45)/50*($D$2-$C$2)) -> 1.2997242 | AG16: =(1/2)*$Q$3*$S$3*(AF16^3)*24/1000 -> 2119.9633 | AH16: =$C$2+(('Coefficient de marée'!AC16-45)/50*($D$2-$C$2)) -> 1.4582882 | AI16: =(1/2)*$Q$3*$S$3*(AH16^3)*24/1000 -> 2994.3658 | AJ16: =$C$2+(('Coefficient de marée'!AG16-45)/50*($D$2-$C$2)) -> 1.6418887 | AK16: =(1/2)*$Q$3*$S$3*(AJ16^3)*24/1000 -> 4273.7182 | AL16: =$C$2+(('Coefficient de marée'!AK16-45)/50*($D$2-$C$2)) -> 1.2913787 | AM16: =(1/2)*$Q$3*$S$3*(AL16^3)*24/1000 -> 2079.3884 | AN16: =$C$2+(('Coefficient de marée'!AO16-45)/50*($D$2-$C$2)) -> 0.96590512 | AO16: =(1/2)*$Q$3*$S$3*(AN16^3)*24/1000 -> 870.11805 | AP16: =$C$2+(('Coefficient de marée'!AS16-45)/50*($D$2-$C$2)) -> 0.84906846 | AQ16: =(1/2)*$Q$3*$S$3*(AP16^3)*24/1000 -> 591.02098 | AR16: =$C$2+(('Coefficient de marée'!AW16-45)/50*($D$2-$C$2)) -> 0.86575941 | AS16: =(1/2)*$Q$3*$S$3*(AR16^3)*24/1000 -> 626.56544
V17: =$C$2+(('Coefficient de marée'!E17-45)/50*($D$2-$C$2)) -> 1.5167065 | W17: =(1/2)*$Q$3*$S$3*(V17^3)*24/1000 -> 3368.8327 | X17: =$C$2+(('Coefficient de marée'!I17-45)/50*($D$2-$C$2)) -> 1.6168522 | Y17: =(1/2)*$Q$3*$S$3*(X17^3)*24/1000 -> 4081.1802 | Z17: =$C$2+(('Coefficient de marée'!M17-45)/50*($D$2-$C$2)) -> 1.5918158 | AA17: =(1/2)*$Q$3*$S$3*(Z17^3)*24/1000 -> 3894.5135 | AB17: =$C$2+(('Coefficient de marée'!Q17-45)/50*($D$2-$C$2)) -> 1.525052 | AC17: =(1/2)*$Q$3*$S$3*(AB17^3)*24/1000 -> 3424.7489 | AD17: =$C$2+(('Coefficient de marée'!U17-45)/50*($D$2-$C$2)) -> 1.366488 | AE17: =(1/2)*$Q$3*$S$3*(AD17^3)*24/1000 -> 2463.7248 | AF17: =$C$2+(('Coefficient de marée'!Y17-45)/50*($D$2-$C$2)) -> 1.2830332 | AG17: =(1/2)*$Q$3*$S$3*(AF17^3)*24/1000 -> 2039.3345 | AH17: =$C$2+(('Coefficient de marée'!AC17-45)/50*($D$2-$C$2)) -> 1.4666337 | AI17: =(1/2)*$Q$3*$S$3*(AH17^3)*24/1000 -> 3046.0689 | AJ17: =$C$2+(('Coefficient de marée'!AG17-45)/50*($D$2-$C$2)) -> 1.5083611 | AK17: =(1/2)*$Q$3*$S$3*(AJ17^3)*24/1000 -> 3313.5284 | AL17: =$C$2+(('Coefficient de marée'!AK17-45)/50*($D$2-$C$2)) -> 1.0076325 | AM17: =(1/2)*$Q$3*$S$3*(AL17^3)*24/1000 -> 987.82786 | AN17: =$C$2+(('Coefficient de marée'!AO17-45)/50*($D$2-$C$2)) -> 0.79899561 | AO17: =(1/2)*$Q$3*$S$3*(AN17^3)*24/1000 -> 492.50194 | AP17: =$C$2+(('Coefficient de marée'!AS17-45)/50*($D$2-$C$2)) -> 0.89079584 | AQ17: =(1/2)*$Q$3*$S$3*(AP17^3)*24/1000 -> 682.51046 | AR17: =$C$2+(('Coefficient de marée'!AW17-45)/50*($D$2-$C$2)) -> 0.85741394 | AS17: =(1/2)*$Q$3*$S$3*(AR17^3)*24/1000 -> 608.62023
V18: =$C$2+(('Coefficient de marée'!E18-45)/50*($D$2-$C$2)) -> 1.5500884 | W18: =(1/2)*$Q$3*$S$3*(V18^3)*24/1000 -> 3596.203 | X18: =$C$2+(('Coefficient de marée'!I18-45)/50*($D$2-$C$2)) -> 1.5834703 | Y18: =(1/2)*$Q$3*$S$3*(X18^3)*24/1000 -> 3833.5803 | Z18: =$C$2+(('Coefficient de marée'!M18-45)/50*($D$2-$C$2)) -> 1.6168522 | AA18: =(1/2)*$Q$3*$S$3*(Z18^3)*24/1000 -> 4081.1802 | AB18: =$C$2+(('Coefficient de marée'!Q18-45)/50*($D$2-$C$2)) -> 1.4666337 | AC18: =(1/2)*$Q$3*$S$3*(AB18^3)*24/1000 -> 3046.0689 | AD18: =$C$2+(('Coefficient de marée'!U18-45)/50*($D$2-$C$2)) -> 1.3080696 | AE18: =(1/2)*$Q$3*$S$3*(AD18^3)*24/1000 -> 2161.0627 | AF18: =$C$2+(('Coefficient de marée'!Y18-45)/50*($D$2-$C$2)) -> 1.2413058 | AG18: =(1/2)*$Q$3*$S$3*(AF18^3)*24/1000 -> 1846.7629 | AH18: =$C$2+(('Coefficient de marée'!AC18-45)/50*($D$2-$C$2)) -> 1.4332518 | AI18: =(1/2)*$Q$3*$S$3*(AH18^3)*24/1000 -> 2842.7733 | AJ18: =$C$2+(('Coefficient de marée'!AG18-45)/50*($D$2-$C$2)) -> 1.3080696 | AK18: =(1/2)*$Q$3*$S$3*(AJ18^3)*24/1000 -> 2161.0627 | AL18: =$C$2+(('Coefficient de marée'!AK18-45)/50*($D$2-$C$2)) -> 0.83237751 | AM18: =(1/2)*$Q$3*$S$3*(AL18^3)*24/1000 -> 556.84687 | AN18: =$C$2+(('Coefficient de marée'!AO18-45)/50*($D$2-$C$2)) -> 0.77395918 | AO18: =(1/2)*$Q$3*$S$3*(AN18^3)*24/1000 -> 447.64005 | AP18: =$C$2+(('Coefficient de marée'!AS18-45)/50*($D$2-$C$2)) -> 0.99928703 | AQ18: =(1/2)*$Q$3*$S$3*(AP18^3)*24/1000 -> 963.48624 | AR18: =$C$2+(('Coefficient de marée'!AW18-45)/50*($D$2-$C$2)) -> 0.91583227 | AS18: =(1/2)*$Q$3*$S$3*(AR18^3)*24/1000 -> 741.69029
V19: =$C$2+(('Coefficient de marée'!E19-45)/50*($D$2-$C$2)) -> 1.541743 | W19: =(1/2)*$Q$3*$S$3*(V19^3)*24/1000 -> 3538.4307 | X19: =$C$2+(('Coefficient de marée'!I19-45)/50*($D$2-$C$2)) -> 1.4833246 | Y19: =(1/2)*$Q$3*$S$3*(X19^3)*24/1000 -> 3151.2539 | Z19: =$C$2+(('Coefficient de marée'!M19-45)/50*($D$2-$C$2)) -> 1.5918158 | AA19: =(1/2)*$Q$3*$S$3*(Z19^3)*24/1000 -> 3894.5135 | AB19: =$C$2+(('Coefficient de marée'!Q19-45)/50*($D$2-$C$2)) -> 1.366488 | AC19: =(1/2)*$Q$3*$S$3*(AB19^3)*24/1000 -> 2463.7248 | AD19: =$C$2+(('Coefficient de marée'!U19-45)/50*($D$2-$C$2)) -> 1.2246149 | AE19: =(1/2)*$Q$3*$S$3*(AD19^3)*24/1000 -> 1773.2638 | AF19: =$C$2+(('Coefficient de marée'!Y19-45)/50*($D$2-$C$2)) -> 1.1828875 | AG19: =(1/2)*$Q$3*$S$3*(AF19^3)*24/1000 -> 1598.1042 | AH19: =$C$2+(('Coefficient de marée'!AC19-45)/50*($D$2-$C$2)) -> 1.349797 | AI19: =(1/2)*$Q$3*$S$3*(AH19^3)*24/1000 -> 2374.5436 | AJ19: =$C$2+(('Coefficient de marée'!AG19-45)/50*($D$2-$C$2)) -> 1.0910873 | AK19: =(1/2)*$Q$3*$S$3*(AJ19^3)*24/1000 -> 1254.1608 | AL19: =$C$2+(('Coefficient de marée'!AK19-45)/50*($D$2-$C$2)) -> 0.74892275 | AM19: =(1/2)*$Q$3*$S$3*(AL19^3)*24/1000 -> 405.58869 | AN19: =$C$2+(('Coefficient de marée'!AO19-45)/50*($D$2-$C$2)) -> 0.89079584 | AO19: =(1/2)*$Q$3*$S$3*(AN19^3)*24/1000 -> 682.51046 | AP19: =$C$2+(('Coefficient de marée'!AS19-45)/50*($D$2-$C$2)) -> 1.1244692 | AQ19: =(1/2)*$Q$3*$S$3*(AP19^3)*24/1000 -> 1372.8321 | AR19: =$C$2+(('Coefficient de marée'!AW19-45)/50*($D$2-$C$2)) -> 0.99094155 | AS19: =(1/2)*$Q$3*$S$3*(AR19^3)*24/1000 -> 939.54781
V20: =$C$2+(('Coefficient de marée'!E20-45)/50*($D$2-$C$2)) -> 1.4749792 | W20: =(1/2)*$Q$3*$S$3*(V20^3)*24/1000 -> 3098.3638 | X20: =$C$2+(('Coefficient de marée'!I20-45)/50*($D$2-$C$2)) -> 1.349797 | Y20: =(1/2)*$Q$3*$S$3*(X20^3)*24/1000 -> 2374.5436 | Z20: =$C$2+(('Coefficient de marée'!M20-45)/50*($D$2-$C$2)) -> 1.525052 | AA20: =(1/2)*$Q$3*$S$3*(Z20^3)*24/1000 -> 3424.7489 | AB20: =$C$2+(('Coefficient de marée'!Q20-45)/50*($D$2-$C$2)) -> 1.2329604 | AC20: =(1/2)*$Q$3*$S$3*(AB20^3)*24/1000 -> 1809.7647 | AD20: =$C$2+(('Coefficient de marée'!U20-45)/50*($D$2-$C$2)) -> 1.1077782 | AE20: =(1/2)*$Q$3*$S$3*(AD20^3)*24/1000 -> 1312.6025 | AF20: =$C$2+(('Coefficient de marée'!Y20-45)/50*($D$2-$C$2)) -> 1.1161237 | AG20: =(1/2)*$Q$3*$S$3*(AF20^3)*24/1000 -> 1342.4921 | AH20: =$C$2+(('Coefficient de marée'!AC20-45)/50*($D$2-$C$2)) -> 1.2329604 | AI20: =(1/2)*$Q$3*$S$3*(AH20^3)*24/1000 -> 1809.7647 | AJ20: =$C$2+(('Coefficient de marée'!AG20-45)/50*($D$2-$C$2)) -> 0.93252322 | AK20: =(1/2)*$Q$3*$S$3*(AJ20^3)*24/1000 -> 782.98552 | AL20: =$C$2+(('Coefficient de marée'!AK20-45)/50*($D$2-$C$2)) -> 0.84906846 | AM20: =(1/2)*$Q$3*$S$3*(AL20^3)*24/1000 -> 591.02098 | AN20: =$C$2+(('Coefficient de marée'!AO20-45)/50*($D$2-$C$2)) -> 1.0827418 | AO20: =(1/2)*$Q$3*$S$3*(AN20^3)*24/1000 -> 1225.602 | AP20: =$C$2+(('Coefficient de marée'!AS20-45)/50*($D$2-$C$2)) -> 1.2413058 | AQ20: =(1/2)*$Q$3*$S$3*(AP20^3)*24/1000 -> 1846.7629 | AR20: =$C$2+(('Coefficient de marée'!AW20-45)/50*($D$2-$C$2)) -> 1.0910873 | AS20: =(1/2)*$Q$3*$S$3*(AR20^3)*24/1000 -> 1254.1608
V21: =$C$2+(('Coefficient de marée'!E21-45)/50*($D$2-$C$2)) -> 1.349797 | W21: =(1/2)*$Q$3*$S$3*(V21^3)*24/1000 -> 2374.5436 | X21: =$C$2+(('Coefficient de marée'!I21-45)/50*($D$2-$C$2)) -> 1.1828875 | Y21: =(1/2)*$Q$3*$S$3*(X21^3)*24/1000 -> 1598.1042 | Z21: =$C$2+(('Coefficient de marée'!M21-45)/50*($D$2-$C$2)) -> 1.3998699 | AA21: =(1/2)*$Q$3*$S$3*(Z21^3)*24/1000 -> 2648.7305 | AB21: =$C$2+(('Coefficient de marée'!Q21-45)/50*($D$2-$C$2)) -> 1.0660508 | AC21: =(1/2)*$Q$3*$S$3*(AB21^3)*24/1000 -> 1169.7916 | AD21: =$C$2+(('Coefficient de marée'!U21-45)/50*($D$2-$C$2)) -> 0.98259608 | AE21: =(1/2)*$Q$3*$S$3*(AD21^3)*24/1000 -> 916.00922 | AF21: =$C$2+(('Coefficient de marée'!Y21-45)/50*($D$2-$C$2)) -> 1.0660508 | AG21: =(1/2)*$Q$3*$S$3*(AF21^3)*24/1000 -> 1169.7916 | AH21: =$C$2+(('Coefficient de marée'!AC21-45)/50*($D$2-$C$2)) -> 1.1161237 | AI21: =(1/2)*$Q$3*$S$3*(AH21^3)*24/1000 -> 1342.4921 | AJ21: =$C$2+(('Coefficient de marée'!AG21-45)/50*($D$2-$C$2)) -> 0.84906846 | AK21: =(1/2)*$Q$3*$S$3*(AJ21^3)*24/1000 -> 591.02098 | AL21: =$C$2+(('Coefficient de marée'!AK21-45)/50*($D$2-$C$2)) -> 1.0743963 | AM21: =(1/2)*$Q$3*$S$3*(AL21^3)*24/1000 -> 1197.4801 | AN21: =$C$2+(('Coefficient de marée'!AO21-45)/50*($D$2-$C$2)) -> 1.2663423 | AO21: =(1/2)*$Q$3*$S$3*(AN21^3)*24/1000 -> 1960.7764 | AP21: =$C$2+(('Coefficient de marée'!AS21-45)/50*($D$2-$C$2)) -> 1.3164151 | AQ21: =(1/2)*$Q$3*$S$3*(AP21^3)*24/1000 -> 2202.6898 | AR21: =$C$2+(('Coefficient de marée'!AW21-45)/50*($D$2-$C$2)) -> 1.1828875 | AS21: =(1/2)*$Q$3*$S$3*(AR21^3)*24/1000 -> 1598.1042
... V31: =$C$2+(('Coefficient de marée'!E31-45)/50*($D$2-$C$2)) -> 1.2830332 | W31: =(1/2)*$Q$3*$S$3*(V31^3)*24/1000 -> 2039.3345 | X31: =$C$2+(('Coefficient de marée'!I31-45)/50*($D$2-$C$2)) -> 1.8087982 | Y31: =(1/2)*$Q$3*$S$3*(X31^3)*24/1000 -> 5714.0641 | Z31: =$C$2+(('Coefficient de marée'!M31-45)/50*($D$2-$C$2)) -> 1.6752706 | AA31: =(1/2)*$Q$3*$S$3*(Z31^3)*24/1000 -> 4539.7261 | AB31: =$C$2+(('Coefficient de marée'!Q31-45)/50*($D$2-$C$2)) -> 1.9172894 | AC31: =(1/2)*$Q$3*$S$3*(AB31^3)*24/1000 -> 6805.151 | AD31: =$C$2+(('Coefficient de marée'!U31-45)/50*($D$2-$C$2)) -> 1.7086525 | AE31: =(1/2)*$Q$3*$S$3*(AD31^3)*24/1000 -> 4816.5491 | AF31: =$C$2+(('Coefficient de marée'!Y31-45)/50*($D$2-$C$2)) -> 1.5083611 | AG31: =(1/2)*$Q$3*$S$3*(AF31^3)*24/1000 -> 3313.5284 | AH31: =$C$2+(('Coefficient de marée'!AC31-45)/50*($D$2-$C$2)) -> 1.5083611 | AI31: =(1/2)*$Q$3*$S$3*(AH31^3)*24/1000 -> 3313.5284 | AJ31: =$C$2+(('Coefficient de marée'!AG31-45)/50*($D$2-$C$2)) -> 1.2913787 | AK31: =(1/2)*$Q$3*$S$3*(AJ31^3)*24/1000 -> 2079.3884 | AL31: =$C$2+(('Coefficient de marée'!AK31-45)/50*($D$2-$C$2)) -> 0.93252322 | AM31: =(1/2)*$Q$3*$S$3*(AL31^3)*24/1000 -> 782.98552 | AN31: =$C$2+(('Coefficient de marée'!AO31-45)/50*($D$2-$C$2)) -> 0.79065013 | AO31: =(1/2)*$Q$3*$S$3*(AN31^3)*24/1000 -> 477.23008 | AP31: =$C$2+(('Coefficient de marée'!AS31-45)/50*($D$2-$C$2)) -> 0.83237751 | AQ31: =(1/2)*$Q$3*$S$3*(AP31^3)*24/1000 -> 556.84687 | AR31: =$C$2+(('Coefficient de marée'!AW31-45)/50*($D$2-$C$2)) -> 0.99094155 | AS31: =(1/2)*$Q$3*$S$3*(AR31^3)*24/1000 -> 939.54781
V32: =$C$2+(('Coefficient de marée'!E32-45)/50*($D$2-$C$2)) -> 1.4749792 | W32: =(1/2)*$Q$3*$S$3*(V32^3)*24/1000 -> 3098.3638 | Z32: =$C$2+(('Coefficient de marée'!M32-45)/50*($D$2-$C$2)) -> 1.8922529 | AA32: =(1/2)*$Q$3*$S$3*(Z32^3)*24/1000 -> 6542.0271 | AB32: =$C$2+(('Coefficient de marée'!Q32-45)/50*($D$2-$C$2)) -> 1.8839075 | AC32: =(1/2)*$Q$3*$S$3*(AB32^3)*24/1000 -> 6455.8506 | AD32: =$C$2+(('Coefficient de marée'!U32-45)/50*($D$2-$C$2)) -> 1.6251977 | AE32: =(1/2)*$Q$3*$S$3*(AD32^3)*24/1000 -> 4144.7027 | AF32: =$C$2+(('Coefficient de marée'!Y32-45)/50*($D$2-$C$2)) -> 1.3998699 | AG32: =(1/2)*$Q$3*$S$3*(AF32^3)*24/1000 -> 2648.7305 | AH32: =$C$2+(('Coefficient de marée'!AC32-45)/50*($D$2-$C$2)) -> 1.3831789 | AI32: =(1/2)*$Q$3*$S$3*(AH32^3)*24/1000 -> 2555.1115 | AJ32: =$C$2+(('Coefficient de marée'!AG32-45)/50*($D$2-$C$2)) -> 1.0994327 | AK32: =(1/2)*$Q$3*$S$3*(AJ32^3)*24/1000 -> 1283.1599 | AL32: =$C$2+(('Coefficient de marée'!AK32-45)/50*($D$2-$C$2)) -> 0.71554085 | AM32: =(1/2)*$Q$3*$S$3*(AL32^3)*24/1000 -> 353.73502 | AN32: =$C$2+(('Coefficient de marée'!AO32-45)/50*($D$2-$C$2)) -> 0.65712252 | AO32: =(1/2)*$Q$3*$S$3*(AN32^3)*24/1000 -> 273.97682 | AP32: =$C$2+(('Coefficient de marée'!AS32-45)/50*($D$2-$C$2)) -> 0.86575941 | AQ32: =(1/2)*$Q$3*$S$3*(AP32^3)*24/1000 -> 626.56544 | AR32: =$C$2+(('Coefficient de marée'!AW32-45)/50*($D$2-$C$2)) -> 0.99928703 | AS32: =(1/2)*$Q$3*$S$3*(AR32^3)*24/1000 -> 963.48624
V33: =$C$2+(('Coefficient de marée'!E33-45)/50*($D$2-$C$2)) -> 1.6335432 | W33: =(1/2)*$Q$3*$S$3*(V33^3)*24/1000 -> 4208.8809 | Z33: =$C$2+(('Coefficient de marée'!M33-45)/50*($D$2-$C$2)) -> 2.0007441 | AA33: =(1/2)*$Q$3*$S$3*(Z33^3)*24/1000 -> 7733.0252 | AB33: =$C$2+(('Coefficient de marée'!Q33-45)/50*($D$2-$C$2)) -> 1.7587253 | AC33: =(1/2)*$Q$3*$S$3*(AB33^3)*24/1000 -> 5252.5334 | AD33: =$C$2+(('Coefficient de marée'!U33-45)/50*($D$2-$C$2)) -> 1.4749792 | AE33: =(1/2)*$Q$3*$S$3*(AD33^3)*24/1000 -> 3098.3638 | AF33: =$C$2+(('Coefficient de marée'!Y33-45)/50*($D$2-$C$2)) -> 1.2663423 | AG33: =(1/2)*$Q$3*$S$3*(AF33^3)*24/1000 -> 1960.7764 | AH33: =$C$2+(('Coefficient de marée'!AC33-45)/50*($D$2-$C$2)) -> 1.2246149 | AI33: =(1/2)*$Q$3*$S$3*(AH33^3)*24/1000 -> 1773.2638 | AJ33: =$C$2+(('Coefficient de marée'!AG33-45)/50*($D$2-$C$2)) -> 0.89914132 | AK33: =(1/2)*$Q$3*$S$3*(AJ33^3)*24/1000 -> 701.87316 | AL33: =$C$2+(('Coefficient de marée'!AK33-45)/50*($D$2-$C$2)) -> 0.55697681 | AM33: =(1/2)*$Q$3*$S$3*(AL33^3)*24/1000 -> 166.83459 | AN33: =$C$2+(('Coefficient de marée'!AO33-45)/50*($D$2-$C$2)) -> 0.64877704 | AO33: =(1/2)*$Q$3*$S$3*(AN33^3)*24/1000 -> 263.67028 | AP33: =$C$2+(('Coefficient de marée'!AS33-45)/50*($D$2-$C$2)) -> 0.95755965 | AQ33: =(1/2)*$Q$3*$S$3*(AP33^3)*24/1000 -> 847.75874 | AR33: =$C$2+(('Coefficient de marée'!AW33-45)/50*($D$2-$C$2)) -> 1.0326689 | AS33: =(1/2)*$Q$3*$S$3*(AR33^3)*24/1000 -> 1063.3056
V34: =$C$2+(('Coefficient de marée'!E34-45)/50*($D$2-$C$2)) -> 1.7336889 | W34: =(1/2)*$Q$3*$S$3*(V34^3)*24/1000 -> 5031.3934 | Z34: =$C$2+(('Coefficient de marée'!M34-45)/50*($D$2-$C$2)) -> 1.9923987 | AA34: =(1/2)*$Q$3*$S$3*(Z34^3)*24/1000 -> 7636.6606 | AD34: =$C$2+(('Coefficient de marée'!U34-45)/50*($D$2-$C$2)) -> 1.3080696 | AE34: =(1/2)*$Q$3*$S$3*(AD34^3)*24/1000 -> 2161.0627 | AH34: =$C$2+(('Coefficient de marée'!AC34-45)/50*($D$2-$C$2)) -> 1.0410144 | AI34: =(1/2)*$Q$3*$S$3*(AH34^3)*24/1000 -> 1089.2937 | AJ34: =$C$2+(('Coefficient de marée'!AG34-45)/50*($D$2-$C$2)) -> 0.69050442 | AK34: =(1/2)*$Q$3*$S$3*(AJ34^3)*24/1000 -> 317.88802 | AN34: =$C$2+(('Coefficient de marée'!AO34-45)/50*($D$2-$C$2)) -> 0.74892275 | AO34: =(1/2)*$Q$3*$S$3*(AN34^3)*24/1000 -> 405.58869 | AR34: =$C$2+(('Coefficient de marée'!AW34-45)/50*($D$2-$C$2)) -> 1.1495056 | AS34: =(1/2)*$Q$3*$S$3*(AR34^3)*24/1000 -> 1466.5877
V35: Total Janvier | W35: =SUM(W4:W34) -> 64189.726 | X35: Total Fevrier | Y35: =SUM(Y4:Y34) -> 62236.942 | Z35: Total mars | AA35: =SUM(AA4:AA34) -> 91116.527 | AB35: Total Avril | AC35: =SUM(AC4:AC34) -> 76316.744 | AD35: Total Mai | AE35: =SUM(AE4:AE34) -> 63581.748 | AF35: Total Juin | AG35: =SUM(AG4:AG34) -> 53772.185 | AH35: Total Juillet | AI35: =SUM(AI4:AI34) -> 57790.342 | AJ35: Total Aoüt | AK35: =SUM(AK4:AK34) -> 64636.855 | AL35: Total Septembre | AM35: =SUM(AM4:AM34) -> 70585.278 | AN35: Total Octobre | AO35: =SUM(AO4:AO34) -> 71227.408 | AP35: Total Novembre | AQ35: =SUM(AQ4:AQ34) -> 65749.226 | AR35: Total Décembre | AS35: =SUM(AS4:AS34) -> 62698.192
U37: Jour | V37: Vitesse moyenne du jour | W37: Energie produite journalière (kw/h)
T38: Janvier | U38: 45658 | V38: =V4 -> 1.4582882 | W38: =W4 -> 2994.3658
U39: 45659 | V39: =V5 -> 1.4916701 | W39: =W5 -> 3204.7424
U40: 45660 | V40: =V6 -> 1.4749792 | W40: =W6 -> 3098.3638
U41: 45661 | V41: =V7 -> 1.4332518 | W41: =W7 -> 2842.7733
U42: 45662 | V42: =V8 -> 1.3414515 | W42: =W8 -> 2330.7717
U43: 45663 | V43: =V9 -> 1.2162694 | W43: =W9 -> 1737.2572
U44: 45664 | V44: =V10 -> 1.1077782 | W44: =W10 -> 1312.6025
U45: 45665 | V45: =V11 -> 1.0326689 | W45: =W11 -> 1063.3056
U46: 45666 | V46: =V12 -> 1.015978 | W46: =W12 -> 1012.5761
U47: 45667 | V47: =V13 -> 1.0577054 | W47: =W13 -> 1142.5333
U48: 45668 | V48: =V14 -> 1.1661965 | W48: =W14 -> 1531.4049
U49: 45669 | V49: =V15 -> 1.3080696 | W49: =W15 -> 2161.0627
U50: 45670 | V50: =V16 -> 1.4332518 | W50: =W16 -> 2842.7733
... U68: 45688 | V68: =V34 -> 1.7336889 | W68: =W34 -> 5031.3934
T69: Février | U69: 45689 | V69: =X4 -> 1.7587253 | W69: =Y4 -> 5252.5334
U70: 45690 | V70: =X5 -> 1.6919615 | W70: =Y5 -> 4676.7722
U71: 45691 | V71: =X6 -> 1.5584339 | W71: =Y6 -> 3654.6007
U72: 45692 | V72: =X7 -> 1.3581425 | W72: =Y7 -> 2418.8602
U73: 45693 | V73: =X8 -> 1.1244692 | W73: =Y8 -> 1372.8321
U74: 45694 | V74: =X9 -> 0.91583227 | W74: =Y9 -> 741.69029
U75: 45695 | V75: =X10 -> 0.83237751 | W75: =Y10 -> 556.84687
U76: 45696 | V76: =X11 -> 0.85741394 | W76: =Y11 -> 608.62023
U77: 45697 | V77: =X12 -> 0.99928703 | W77: =Y12 -> 963.48624
U78: 45698 | V78: =X13 -> 1.1995784 | W78: =Y13 -> 1666.7127
U79: 45699 | V79: =X14 -> 1.3831789 | W79: =Y14 -> 2555.1115
U80: 45700 | V80: =X15 -> 1.5167065 | W80: =Y15 -> 3368.8327
U81: 45701 | V81: =X16 -> 1.5918158 | W81: =Y16 -> 3894.5135
... U96: 45716 | V96: =X31 -> 1.8087982 | W96: =Y31 -> 5714.0641
T97: Mars | U97: 45717 | V97: =Z4 -> 1.9339803 | W97: =AA4 -> 6984.4292
U98: 45718 | V98: =Z5 -> 1.9506713 | W98: =AA5 -> 7166.8289
U99: 45719 | V99: =Z6 -> 1.858871 | W99: =AA6 -> 6201.8685
U100: 45720 | V100: =Z7 -> 1.6585796 | W100: =AA7 -> 4405.3837
U101: 45721 | V101: =Z8 -> 1.3831789 | W101: =AA8 -> 2555.1115
U102: 45722 | V102: =Z9 -> 1.0743963 | W102: =AA9 -> 1197.4801
U103: 45723 | V103: =Z10 -> 0.81568656 | W103: =AA10 -> 524.01617
U104: 45724 | V104: =Z11 -> 0.71554085 | W104: =AA11 -> 353.73502
U105: 45725 | V105: =Z12 -> 0.7656137 | W105: =AA12 -> 433.31514
U106: 45726 | V106: =Z13 -> 0.95755965 | W106: =AA13 -> 847.75874
U107: 45727 | V107: =Z14 -> 1.191233 | W107: =AA14 -> 1632.1681
U108: 45728 | V108: =Z15 -> 1.3748334 | W108: =AA15 -> 2509.1408
U109: 45729 | V109: =Z16 -> 1.5083611 | W109: =AA16 -> 3313.5284
... U127: 45747 | V127: =Z34 -> 1.9923987 | W127: =AA34 -> 7636.6606
T128: Avril | U128: 45748 | V128: =AB4 -> 1.858871 | W128: =AC4 -> 6201.8685
U129: 45749 | V129: =AB5 -> 1.6335432 | W129: =AC5 -> 4208.8809
U130: 45750 | V130: =AB6 -> 1.3247606 | W130: =AC6 -> 2244.8481
U131: 45751 | V131: =AB7 -> 1.015978 | W131: =AC7 -> 1012.5761
U132: 45752 | V132: =AB8 -> 0.77395918 | W132: =AC8 -> 447.64005
U133: 45753 | V133: =AB9 -> 0.6988499 | W133: =AC9 -> 329.55392
U134: 45754 | V134: =AB10 -> 0.77395918 | W134: =AC10 -> 447.64005
U135: 45755 | V135: =AB11 -> 0.95755965 | W135: =AC11 -> 847.75874
U136: 45756 | V136: =AB12 -> 1.1495056 | W136: =AC12 -> 1466.5877
U137: 45757 | V137: =AB13 -> 1.3164151 | W137: =AC13 -> 2202.6898
U138: 45758 | V138: =AB14 -> 1.4415972 | W138: =AC14 -> 2892.7214
U139: 45759 | V139: =AB15 -> 1.5083611 | W139: =AC15 -> 3313.5284
U140: 45760 | V140: =AB16 -> 1.5333975 | W140: =AC16 -> 3481.2804
... U157: 45777 | V157: =AB33 -> 1.7587253 | W157: =AC33 -> 5252.5334
T158: Mai | U158: 45778 | V158: =AD4 -> 1.541743 | W158: =AE4 -> 3538.4307
U159: 45779 | V159: =AD5 -> 1.2830332 | W159: =AE5 -> 2039.3345
U160: 45780 | V160: =AD6 -> 1.0243235 | W160: =AE6 -> 1037.7342
U161: 45781 | V161: =AD7 -> 0.84072299 | W161: =AE7 -> 573.76431
U162: 45782 | V162: =AD8 -> 0.78230465 | W162: =AE8 -> 462.27724
U163: 45783 | V163: =AD9 -> 0.80734108 | W163: =AE9 -> 508.09618
U164: 45784 | V164: =AD10 -> 0.91583227 | W164: =AE10 -> 741.69029
U165: 45785 | V165: =AD11 -> 1.0493599 | W165: =AE11 -> 1115.7018
U166: 45786 | V166: =AD12 -> 1.174542 | W166: =AE12 -> 1564.5176
U167: 45787 | V167: =AD13 -> 1.2746877 | W167: =AE13 -> 1999.7983
U168: 45788 | V168: =AD14 -> 1.349797 | W168: =AE14 -> 2374.5436
U169: 45789 | V169: =AD15 -> 1.3831789 | W169: =AE15 -> 2555.1115
U170: 45790 | V170: =AD16 -> 1.3915244 | W170: =AE16 -> 2601.6402
... U188: 45808 | V188: =AD34 -> 1.3080696 | W188: =AE34 -> 2161.0627
T189: Juin | U189: 45809 | V189: =AF4 -> 1.1244692 | W189: =AG4 -> 1372.8321
U190: 45810 | V190: =AF5 -> 0.96590512 | W190: =AG5 -> 870.11805
U191: 45811 | V191: =AF6 -> 0.88245037 | W191: =AG6 -> 663.50718
...

Sheet Données Prod Sabella DX
A1: Vitesse de pales | B1: Puissance produite D10 | C1: Puissance produite D12 | D1: Puissance produite D15
A2: 0.1 | B2: =IF(A2<1,0,IF(A2<4,1.1*((A2^3-1)/63),1.1)) -> 0 | C2: =IF(A2<1,0,IF(A2<4,1.5*((A2^3-1)/63),1.5)) -> 0 | D2: =IF(A2<1,0,IF(A2<4,2.5*((A2^3-1)/63),2.5)) -> 0
A3: 0.2 | B3: =IF(A3<1,0,IF(A3<4,1.1*((A3^3-1)/63),1.1)) -> 0 | C3: =IF(A3<1,0,IF(A3<4,1.5*((A3^3-1)/63),1.5)) -> 0 | D3: =IF(A3<1,0,IF(A3<4,2.5*((A3^3-1)/63),2.5)) -> 0
A4: 0.3 | B4: =IF(A4<1,0,IF(A4<4,1.1*((A4^3-1)/63),1.1)) -> 0 | C4: =IF(A4<1,0,IF(A4<4,1.5*((A4^3-1)/63),1.5)) -> 0 | D4: =IF(A4<1,0,IF(A4<4,2.5*((A4^3-1)/63),2.5)) -> 0
A5: 0.4 | B5: =IF(A5<1,0,IF(A5<4,1.1*((A5^3-1)/63),1.1)) -> 0 | C5: =IF(A5<1,0,IF(A5<4,1.5*((A5^3-1)/63),1.5)) -> 0 | D5: =IF(A5<1,0,IF(A5<4,2.5*((A5^3-1)/63),2.5)) -> 0
A6: 0.5 | B6: =IF(A6<1,0,IF(A6<4,1.1*((A6^3-1)/63),1.1)) -> 0 | C6: =IF(A6<1,0,IF(A6<4,1.5*((A6^3-1)/63),1.5)) -> 0 | D6: =IF(A6<1,0,IF(A6<4,2.5*((A6^3-1)/63),2.5)) -> 0
A7: 0.6 | B7: =IF(A7<1,0,IF(A7<4,1.1*((A7^3-1)/63),1.1)) -> 0 | C7: =IF(A7<1,0,IF(A7<4,1.5*((A7^3-1)/63),1.5)) -> 0 | D7: =IF(A7<1,0,IF(A7<4,2.5*((A7^3-1)/63),2.5)) -> 0
A8: 0.7 | B8: =IF(A8<1,0,IF(A8<4,1.1*((A8^3-1)/63),1.1)) -> 0 | C8: =IF(A8<1,0,IF(A8<4,1.5*((A8^3-1)/63),1.5)) -> 0 | D8: =IF(A8<1,0,IF(A8<4,2.5*((A8^3-1)/63),2.5)) -> 0
A9: 0.8 | B9: =IF(A9<1,0,IF(A9<4,1.1*((A9^3-1)/63),1.1)) -> 0 | C9: =IF(A9<1,0,IF(A9<4,1.5*((A9^3-1)/63),1.5)) -> 0 | D9: =IF(A9<1,0,IF(A9<4,2.5*((A9^3-1)/63),2.5)) -> 0
A10: 0.9 | B10: =IF(A10<1,0,IF(A10<4,1.1*((A10^3-1)/63),1.1)) -> 0 | C10: =IF(A10<1,0,IF(A10<4,1.5*((A10^3-1)/63),1.5)) -> 0 | D10: =IF(A10<1,0,IF(A10<4,2.5*((A10^3-1)/63),2.5)) -> 0
A11: 1 | B11: =IF(A11<1,0,IF(A11<4,1.1*((A11^3-1)/63),1.1)) -> 0 | C11: =IF(A11<1,0,IF(A11<4,1.5*((A11^3-1)/63),1.5)) -> 0 | D11: =IF(A11<1,0,IF(A11<4,2.5*((A11^3-1)/63),2.5)) -> 0
A12: 1.1 | B12: =IF(A12<1,0,IF(A12<4,1.1*((A12^3-1)/63),1.1)) -> 0.0057793651 | C12: =IF(A12<1,0,IF(A12<4,1.5*((A12^3-1)/63),1.5)) -> 0.0078809524 | D12: =IF(A12<1,0,IF(A12<4,2.5*((A12^3-1)/63),2.5)) -> 0.013134921
A13: 1.2 | B13: =IF(A13<1,0,IF(A13<4,1.1*((A13^3-1)/63),1.1)) -> 0.012711111 | C13: =IF(A13<1,0,IF(A13<4,1.5*((A13^3-1)/63),1.5)) -> 0.017333333 | D13: =IF(A13<1,0,IF(A13<4,2.5*((A13^3-1)/63),2.5)) -> 0.028888889
... A56: 5.5 | B56: =IF(A56<1,0,IF(A56<4,1.1*((A56^3-1)/63),1.1)) -> 1.1 | C56: =IF(A56<1,0,IF(A56<4,1.5*((A56^3-1)/63),1.5)) -> 1.5 | D56: =IF(A56<1,0,IF(A56<4,2.5*((A56^3-1)/63),2.5)) -> 2.5
A58: Donnée issue de https://www.sabella.fr/fiche_id-114.html
